,온도,습도,기압,분진,공조기,쿨러,히터,제습기
0,21,52,997.7263992,199,1,0,1,1
1,22,38,999.8885503,424,1,0,0,1
2,22,37,990.9808374,227,1,0,0,1
3,24,49,996.4135615,43,0,1,0,0
4,20,36,1005.972772,73,0,0,1,1
5,26,35,991.9039885,352,1,1,0,1
6,28,41,1001.199474,122,1,1,0,0
7,23,48,994.4932502,331,1,0,0,0
8,22,50,1007.881736,311,1,0,1,0
9,27,51,996.514372,414,1,1,0,1
10,20,48,1000.156994,75,0,0,1,0
11,20,53,991.6546437,339,1,0,1,1
12,26,36,1004.282864,82,0,1,0,1
13,24,39,997.2718258,494,1,1,0,1
14,29,35,993.0179084,497,1,1,0,1
15,22,40,1007.171068,146,1,0,1,0
16,29,41,994.2669343,297,1,1,0,0
17,27,48,991.1738493,434,1,1,0,0
18,27,39,995.9624512,237,1,1,0,1
19,22,54,1006.172857,415,1,0,1,1
20,29,46,1002.186867,63,0,1,0,0
21,29,42,990.043952,276,1,1,0,0
22,24,52,996.4852083,191,1,1,0,1
23,22,37,1004.901081,267,1,0,1,1
24,20,42,1009.109159,130,1,0,1,0
25,27,52,997.5015367,112,1,1,0,1
26,29,45,1006.154125,145,1,1,0,0
27,25,45,998.2386956,435,1,1,0,0
28,24,42,998.1818808,16,0,1,0,0
29,25,37,999.3536895,141,1,1,0,1
30,21,51,1004.541653,196,1,0,1,1
31,27,36,990.6682007,308,1,1,0,1
32,21,36,1009.341381,431,1,0,1,1
33,20,48,999.2160012,172,1,0,1,0
34,27,51,991.3033753,299,1,1,0,1
35,22,39,998.95071,191,1,0,1,1
36,26,41,992.4470466,300,1,1,0,0
37,28,40,995.8493596,297,1,1,0,0
38,20,35,1008.123465,81,0,0,1,1
39,27,42,990.7574528,159,1,1,0,0
40,20,40,1008.347146,82,0,0,1,0
41,21,36,994.5895065,293,1,0,1,1
42,20,50,994.428241,99,0,0,1,0
43,22,43,1002.450977,326,1,0,1,0
44,25,52,1001.929594,433,1,1,0,1
45,23,41,1000.496618,468,1,0,0,0
46,21,41,992.1913952,228,1,0,1,0
47,21,35,996.0700392,95,0,0,1,1
48,26,45,1006.994615,7,1,1,0,0
49,25,36,996.8288641,42,0,1,0,1
50,26,52,998.0430303,39,0,1,0,1
51,26,41,995.0975062,220,1,1,0,0
52,24,48,1008.363517,256,1,1,0,0
53,26,54,1002.928861,416,1,1,0,1
54,29,52,1003.955189,196,1,1,0,1
55,26,35,1000.31418,369,1,1,0,1
56,25,36,1000.165811,459,1,1,0,1
57,21,36,1002.558974,24,0,0,1,1
58,21,52,1003.064964,312,1,0,1,1
59,25,35,997.3002807,436,1,1,0,1
60,28,47,999.3335608,142,1,1,0,0
61,26,50,995.435146,263,1,1,0,0
62,25,51,1006.417265,485,1,1,0,1
63,26,50,996.4239017,166,1,1,0,0
64,22,50,1002.079107,193,1,0,1,0
65,20,44,990.6261385,172,1,0,1,0
66,27,35,1002.228922,6,0,1,0,1
67,21,53,1002.045436,143,1,0,1,1
68,23,48,1009.304438,51,0,0,0,0
69,25,36,1005.410285,354,1,1,0,1
70,23,37,997.5845995,311,1,0,0,1
71,27,43,1000.394709,277,0,1,0,0
72,25,37,999.4865443,213,1,1,0,1
73,21,36,993.7655766,87,0,0,1,1
74,20,49,1005.071845,161,1,0,1,0
75,25,49,1007.495078,401,1,1,0,0
76,29,45,1005.505989,389,1,1,0,0
77,20,41,1004.750577,397,1,0,1,0
78,21,48,1000.627966,445,1,0,1,0
79,24,39,999.6200351,43,0,1,0,1
80,23,48,1000.520542,334,1,0,0,0
81,24,36,1005.406061,179,1,1,0,1
82,23,42,999.604351,45,0,0,0,0
83,23,51,994.1340118,105,1,0,0,1
84,27,44,997.0127008,431,1,1,0,0
85,23,45,997.8436122,142,1,0,0,0
86,24,39,1000.338534,17,1,1,0,1
87,20,43,1007.956408,421,1,0,1,0
88,20,52,1002.003021,51,1,0,1,1
89,26,51,1000.350683,125,1,1,0,1
90,26,54,1009.785643,32,1,1,0,1
91,26,47,990.2131575,395,1,1,0,0
92,26,50,996.6159681,319,1,1,0,0
93,26,43,1003.438379,369,1,1,0,0
94,22,52,1006.171516,25,1,0,1,1
95,28,47,1008.491991,144,1,1,0,0
96,21,38,1000.658912,32,1,0,1,1
97,29,36,995.1788587,300,1,1,0,1
98,28,41,1001.121571,161,1,1,0,0
99,27,39,1003.013019,231,1,1,0,1
100,22,46,1007.702853,411,1,0,1,0
101,27,48,999.5992019,467,1,1,0,0
102,28,51,1002.317456,497,1,1,0,1
103,23,44,998.1847425,182,1,0,0,0
104,21,43,994.7082594,197,1,0,1,0
105,23,49,1007.579431,230,1,0,0,0
106,24,38,996.5659054,6,1,1,0,1
107,25,40,1009.999289,314,1,1,0,0
108,26,50,992.309848,178,1,1,0,0
109,24,40,996.6102119,143,1,1,0,0
110,25,54,1008.381788,372,1,1,0,1
111,26,35,1003.369968,270,1,1,0,1
112,21,41,993.924698,201,1,0,1,0
113,20,38,1001.132503,465,1,0,1,1
114,27,46,1000.919493,290,1,1,0,0
115,28,45,991.5544854,116,1,1,0,0
116,26,45,996.6575349,410,1,1,0,0
117,22,45,1001.518523,94,1,0,1,0
118,26,52,992.6218836,86,1,1,0,1
119,25,51,1004.874892,462,1,1,0,1
120,28,37,994.6420235,481,1,1,0,1
121,29,42,1001.62488,334,1,1,0,0
122,26,45,990.2216113,340,1,1,0,0
123,20,51,999.6786735,195,1,0,1,1
124,24,46,1006.121409,225,1,1,0,0
125,22,38,990.3439068,336,1,0,1,1
126,20,53,1006.049254,65,1,0,1,1
127,29,46,1009.18084,65,1,1,0,0
128,25,47,1002.171139,247,1,1,0,0
129,26,45,996.2033645,462,1,1,0,0
130,23,50,1005.940457,61,1,0,0,0
131,25,53,1005.02622,38,1,1,0,1
132,20,40,999.229538,224,1,0,1,0
133,24,41,999.160372,241,1,0,0,0
134,29,47,993.426771,18,1,1,0,0
135,27,40,999.2104596,472,1,1,0,0
136,27,51,995.8540305,40,1,1,0,1
137,25,38,993.4775677,53,1,1,0,1
138,28,49,1002.062026,282,1,1,0,0
139,20,42,1000.250137,113,0,0,1,0
140,25,50,990.6578532,380,1,1,0,0
141,22,36,1005.150518,396,1,0,1,1
142,28,36,1007.108642,50,1,1,0,1
143,24,43,1005.092733,180,1,1,0,0
144,23,36,1005.580985,449,1,0,0,1
145,23,49,1003.264766,453,1,0,0,0
146,23,35,1003.281569,455,1,0,0,1
147,20,52,994.2267885,499,1,0,1,1
148,28,48,994.5423872,137,1,1,0,0
149,23,41,1004.195632,441,1,0,0,0
150,25,51,1007.084508,341,1,1,0,1
151,22,43,1005.930711,353,1,0,1,0
152,27,37,1003.139405,256,1,1,0,1
153,21,46,993.8939823,47,1,0,1,0
154,21,47,1009.425201,326,1,0,1,0
155,26,52,997.9645727,272,1,1,0,1
156,27,46,995.9357347,349,1,1,0,0
157,22,43,993.3508378,165,1,0,1,0
158,21,51,1000.877541,492,1,0,1,1
159,23,39,1005.452551,81,0,0,0,1
160,21,48,995.5347336,68,0,0,1,0
161,20,49,1002.515825,129,1,0,1,0
162,28,46,999.2202846,350,1,1,0,0
163,24,50,1005.445797,63,0,1,0,0
164,26,36,991.6704068,77,0,1,0,1
165,23,41,998.6045724,472,1,0,0,0
166,28,47,997.5762088,168,1,1,0,0
167,24,47,991.7221073,263,1,1,0,0
168,26,52,999.4757876,40,0,1,0,1
169,28,48,998.8804848,114,1,1,0,0
170,27,37,999.9194327,216,1,1,0,1
171,24,42,1005.007504,390,1,1,0,0
172,28,41,1002.558213,48,0,1,0,0
173,21,49,992.313391,142,1,0,1,0
174,29,49,999.3871736,485,1,1,0,0
175,22,48,1006.517969,443,1,0,1,0
176,28,39,1001.247051,116,1,1,0,1
177,23,46,994.0419735,227,1,0,0,0
178,26,39,1005.196092,11,0,1,0,1
179,23,38,1005.642358,350,1,0,0,1
180,28,48,990.5721362,297,1,1,0,0
181,25,45,1005.646974,121,1,1,0,0
182,26,38,990.0745637,314,1,1,0,1
183,25,39,993.2683099,4,0,1,0,1
184,27,39,1009.138601,73,0,1,0,1
185,22,45,999.4287949,433,1,0,1,0
186,28,53,995.7975578,386,1,1,0,1
187,23,51,998.656093,351,1,0,0,1
188,20,42,1008.781255,299,1,0,1,0
189,23,37,997.4356744,340,1,0,0,1
190,25,45,992.9285515,3,0,0,0,0
191,29,39,994.5527038,157,1,1,0,1
192,29,41,1002.074664,20,0,1,0,0
193,21,54,993.0566595,139,1,0,1,1
194,21,50,1009.923603,491,1,0,1,0
195,26,52,1004.451455,438,1,1,0,1
196,27,45,993.2922804,125,1,1,0,0
197,28,52,994.8604108,221,1,1,0,1
198,23,36,1000.140619,367,1,1,0,1
199,23,49,1007.606463,213,1,0,1,0
200,22,52,999.3133144,63,0,0,1,1
201,25,42,991.405125,191,1,1,0,0
202,24,45,1007.220921,151,1,1,0,0
203,21,54,1000.625334,373,1,0,1,1
204,26,37,1007.57883,139,1,1,0,1
205,25,38,994.8738533,436,1,1,0,1
206,24,39,992.4473541,275,1,1,0,1
207,27,43,1004.733773,308,1,1,0,0
208,22,39,991.5555894,448,1,0,1,1
209,25,35,1003.110231,264,1,1,0,1
210,26,46,1002.82211,312,1,1,0,0
211,25,45,999.8831277,392,0,1,0,0
212,24,35,995.1697012,244,1,1,0,1
213,29,40,1009.873212,260,1,1,0,0
214,25,50,996.6381121,96,0,1,0,0
215,29,52,1000.968297,95,0,1,0,1
216,24,36,998.3341482,421,1,1,0,1
217,27,49,998.4238998,177,1,1,0,0
218,28,47,1006.186047,10,0,1,0,0
219,25,42,1001.994316,377,1,1,0,0
220,27,42,1005.265293,153,1,1,0,0
221,26,49,1006.671781,323,1,1,0,0
222,22,38,1009.026509,46,0,0,1,1
223,28,48,1008.448417,179,1,1,0,0
224,20,53,995.5937344,268,1,0,1,1
225,25,48,997.560027,73,0,1,0,0
226,20,50,998.2372451,195,1,0,1,0
227,29,45,995.1789225,327,1,1,0,0
228,29,43,1001.978791,235,1,1,0,0
229,25,48,1002.476433,387,1,1,0,0
230,20,49,996.877683,356,1,0,1,0
231,21,38,996.8965223,215,1,0,1,1
232,27,37,992.852987,110,1,1,0,1
233,23,42,1009.850063,139,1,0,0,0
234,21,51,998.9535002,209,1,0,1,1
235,27,36,1009.556897,54,0,1,0,1
236,26,44,990.1532766,160,1,1,0,0
237,22,44,999.9643866,16,0,0,1,0
238,26,43,1004.834342,220,1,0,0,0
239,27,54,1003.556634,36,0,1,0,1
240,24,46,1009.279252,213,1,1,0,0
241,28,53,1006.841548,433,1,1,0,1
242,24,46,993.7356698,58,0,0,0,0
243,28,54,993.1646602,88,0,1,0,1
244,29,50,998.2309718,174,1,1,0,0
245,23,41,994.3775976,150,1,0,0,0
246,23,41,991.358356,235,1,0,0,0
247,27,45,999.9822468,422,1,1,0,0
248,24,51,1008.98465,445,1,1,0,1
249,21,35,992.8834329,284,1,0,1,1
250,27,37,1009.248729,311,1,1,0,1
251,29,51,997.7257369,462,1,1,0,1
252,28,51,1003.863944,149,1,1,0,1
253,26,40,1003.696421,125,1,1,0,0
254,23,46,990.0026493,331,1,0,0,0
255,20,48,999.6036015,340,0,0,1,0
256,21,37,991.9036509,223,1,0,1,1
257,26,53,992.5601278,280,1,1,0,1
258,25,52,992.7609623,474,1,1,0,1
259,20,51,1003.838767,53,0,0,1,1
260,23,44,999.687199,109,1,0,0,0
261,29,36,1001.146116,465,1,1,0,1
262,23,47,991.5999474,114,1,0,0,0
263,26,37,992.0297067,189,1,1,0,1
264,22,40,1000.400023,66,0,0,1,0
265,24,43,1003.988483,72,0,1,0,0
266,23,43,1005.442696,488,1,0,0,0
267,27,43,1008.104526,269,1,1,0,0
268,21,54,1002.513882,162,1,0,1,1
269,29,43,1003.495923,387,1,1,0,0
270,20,41,992.8843446,68,1,0,1,0
271,29,38,999.0394202,409,1,1,0,1
272,22,48,999.3561058,54,1,0,1,0
273,24,50,994.4058493,247,1,1,0,0
274,28,54,994.4685663,113,1,1,0,1
275,22,39,995.0359333,217,1,0,1,1
276,26,38,1000.682496,153,1,1,0,1
277,29,51,994.0715678,333,1,1,0,1
278,28,42,1008.951561,82,0,1,0,0
279,29,43,997.2563515,221,1,1,0,0
280,24,35,996.0399997,27,0,1,0,1
281,23,47,997.4112122,193,1,0,0,0
282,24,39,993.4848829,352,1,1,0,1
283,23,44,1009.346509,458,1,0,0,0
284,24,37,994.8508387,181,1,1,0,1
285,29,42,993.7240412,305,1,1,0,0
286,25,43,998.7299365,268,1,1,0,0
287,27,49,1000.725554,377,1,1,0,0
288,22,35,999.0160237,286,1,0,0,1
289,28,42,993.6152644,365,1,1,0,0
290,26,54,996.5913391,275,1,1,0,1
291,27,48,1002.305488,125,1,1,0,0
292,28,36,993.2051006,291,1,1,0,1
293,28,51,994.3631844,300,1,1,0,1
294,25,53,1006.620333,251,1,1,0,1
295,29,52,1002.515597,85,0,1,0,1
296,25,36,1006.675128,489,1,1,0,1
297,24,36,1007.760097,9,0,1,0,1
298,20,38,991.2890837,42,0,0,1,1
299,21,52,1007.999174,241,1,0,1,1
300,25,38,999.9828881,312,1,1,0,1
301,22,43,992.4440179,496,1,0,1,0
302,27,38,1007.925348,452,1,1,0,1
303,26,42,999.859165,158,0,1,0,0
304,28,36,1009.414143,172,1,1,0,1
305,25,39,1001.507699,254,1,1,0,1
306,23,49,993.8068393,162,1,0,0,0
307,29,50,1002.44063,478,1,1,0,0
308,28,49,998.7816062,115,1,1,0,0
309,27,53,998.9663825,82,0,1,0,1
310,24,53,999.8478851,87,0,1,0,1
311,25,45,1007.016128,175,1,1,0,0
312,21,36,991.460823,38,1,0,1,1
313,24,47,1005.457141,173,1,1,0,0
314,23,45,1001.492564,139,1,0,0,0
315,21,54,990.091303,466,1,0,1,1
316,21,41,998.7356629,184,1,0,1,0
317,24,46,997.2682211,159,1,1,0,0
318,27,49,1007.136784,486,1,1,0,0
319,29,37,1008.678062,381,1,1,0,1
320,24,46,993.7651609,146,1,1,0,0
321,25,50,1008.643384,136,1,1,0,0
322,20,36,999.7732102,108,1,0,1,1
323,21,42,1003.871257,208,1,0,1,0
324,26,37,993.1823525,403,1,1,0,1
325,22,40,1007.476962,424,1,0,1,0
326,20,42,994.0586807,140,1,0,1,0
327,21,48,993.5136228,438,1,0,1,0
328,22,43,993.6078501,281,1,0,1,0
329,28,40,991.2106076,498,1,1,0,0
330,26,52,996.7604993,466,1,1,0,1
331,24,35,994.7618086,154,1,1,0,1
332,20,35,994.5313971,355,1,0,1,1
333,28,37,1009.164239,401,1,1,0,1
334,25,45,1005.966895,90,0,1,0,0
335,23,37,1005.442575,356,1,0,0,1
336,21,47,1001.286098,427,1,0,1,0
337,21,35,1002.052668,16,0,0,1,1
338,29,40,1008.248718,159,1,1,0,0
339,22,51,1009.016174,20,0,0,1,1
340,29,48,1008.443604,204,1,1,0,0
341,23,50,992.7577403,208,1,0,0,0
342,29,52,1006.979721,497,1,1,0,1
343,21,52,990.5620807,116,1,0,1,1
344,21,42,998.1124319,198,1,0,1,0
345,20,50,990.8619346,30,0,0,1,0
346,22,42,1005.218721,12,0,0,1,0
347,23,50,999.9648037,439,1,0,0,0
348,20,35,1004.482786,451,1,0,1,1
349,29,48,997.1737637,291,1,1,0,0
350,25,37,995.0402118,135,1,1,0,1
351,28,36,1002.561086,79,1,1,0,1
352,23,39,1008.650554,89,0,0,0,1
353,23,44,1000.699318,384,1,0,0,0
354,21,44,992.7364245,22,0,0,1,0
355,23,48,1008.619054,333,1,0,0,0
356,23,49,1009.44724,347,1,0,0,0
357,23,38,1006.322483,319,1,0,0,1
358,26,53,1003.72607,359,1,1,0,1
359,28,35,1008.610537,395,1,1,0,1
360,24,53,997.5813543,165,1,1,0,1
361,22,45,1001.753272,317,1,0,1,0
362,21,35,1008.214376,14,0,0,1,1
363,20,48,1000.787109,117,1,0,1,0
364,29,50,1007.601487,159,1,1,0,0
365,20,54,1006.023396,492,1,0,1,1
366,20,52,992.5536498,3,0,0,1,1
367,29,41,1001.733107,269,1,1,0,0
368,27,51,995.724474,383,1,1,0,1
369,29,40,1006.413215,385,1,1,0,0
370,29,46,991.1843037,82,0,1,0,0
371,20,48,1009.178863,299,1,0,1,0
372,23,52,996.3524712,138,1,0,0,1
373,21,35,992.1294921,302,1,0,1,1
374,25,37,1003.020275,367,1,1,0,1
375,26,52,990.4130723,16,0,1,0,1
376,21,51,993.9035872,154,1,0,1,1
377,22,36,990.0898314,195,1,0,1,1
378,25,37,1003.33914,327,1,1,0,1
379,26,49,990.4348447,15,0,1,0,0
380,24,42,999.2936433,97,0,1,0,0
381,28,54,991.7245321,53,0,1,0,1
382,23,48,1001.850853,439,1,0,0,0
383,20,42,1009.737519,334,1,0,1,0
384,24,46,1002.238162,350,1,0,0,0
385,26,39,991.786779,138,1,1,0,1
386,21,39,1006.774687,269,1,0,1,1
387,22,39,1002.164507,337,1,0,0,1
388,23,37,1002.453154,109,1,0,0,1
389,29,38,993.6826931,243,1,1,0,1
390,26,51,991.661257,102,1,1,0,1
391,20,39,1008.659207,319,1,0,1,1
392,20,35,998.0046216,36,0,0,1,1
393,29,35,1009.635516,419,1,1,0,1
394,24,47,1003.229724,42,0,1,0,0
395,20,53,999.6481214,117,1,0,1,1
396,24,37,1007.901064,173,1,1,0,1
397,22,48,996.9572299,313,1,0,1,0
398,29,41,1006.716317,94,0,1,0,0
399,22,54,1001.75455,29,0,0,1,1
400,27,45,1006.24649,258,1,1,0,0
401,22,46,1009.088661,18,0,0,1,0
402,27,42,991.0260057,209,1,1,0,0
403,29,51,998.9333084,436,1,1,0,1
404,23,38,1008.112619,127,1,0,0,1
405,24,40,993.230585,121,1,1,0,0
406,21,50,1007.563465,391,1,0,1,0
407,27,41,998.1083469,194,1,1,0,0
408,28,42,1003.784417,288,1,1,0,0
409,22,46,999.611852,113,0,0,1,0
410,29,50,990.5297217,406,1,1,0,0
411,21,50,990.3459757,373,1,0,1,0
412,27,47,1004.305874,177,1,1,0,0
413,25,38,1003.175766,2,0,1,0,1
414,27,42,992.1337187,331,1,1,0,0
415,20,40,997.282937,23,1,0,1,0
416,27,41,994.9086026,408,1,1,0,0
417,23,42,1003.810792,331,1,0,0,0
418,24,49,991.2462533,490,1,1,0,0
419,24,41,991.4598242,308,1,1,0,0
420,21,46,1007.326464,140,1,0,1,0
421,20,49,1006.027403,153,1,0,1,0
422,28,35,1006.643138,349,1,1,0,1
423,27,39,1009.927817,123,1,1,0,1
424,24,49,991.5165649,392,1,1,0,0
425,25,42,997.0089097,135,1,1,0,0
426,21,54,1007.852192,146,1,0,1,1
427,26,43,994.4645274,362,1,1,0,0
428,29,43,992.1915609,74,1,1,0,0
429,28,49,994.7540085,344,1,1,0,0
430,22,45,1009.244669,357,1,0,1,0
431,22,42,994.9574195,456,1,0,1,0
432,27,45,998.1819408,340,1,1,0,0
433,22,46,1002.178937,339,1,0,1,0
434,29,50,994.187555,14,0,1,0,0
435,28,46,1002.59245,218,1,1,0,0
436,23,47,992.3865427,347,1,0,0,0
437,20,45,999.5207129,475,1,0,1,0
438,21,39,1001.842429,276,1,0,1,1
439,22,36,1000.22284,145,1,0,1,1
440,23,48,1006.110961,188,1,0,0,0
441,28,40,990.3485652,112,1,1,0,0
442,28,45,1009.561325,282,1,1,0,0
443,28,50,1006.657204,359,1,1,0,0
444,21,36,992.3497006,433,1,0,1,1
445,23,45,1005.500894,207,1,0,0,0
446,23,49,1009.0129,137,1,0,0,0
447,28,51,1003.118259,19,0,1,0,1
448,20,46,1001.297696,66,1,0,1,0
449,23,51,991.2124203,191,1,0,0,1
450,21,42,1008.94404,455,1,0,1,0
451,29,38,990.925555,484,1,1,0,1
452,20,43,997.9187499,259,1,0,1,0
453,25,43,1002.202474,428,1,1,0,0
454,23,37,992.5302672,138,1,0,0,1
455,28,38,1005.21469,249,1,1,0,1
456,20,37,1007.910063,388,1,0,1,1
457,21,47,1006.085331,276,1,0,1,0
458,27,43,990.089281,119,1,1,0,0
459,20,35,995.0409174,365,1,0,1,1
460,26,54,994.1984983,30,0,1,0,1
461,28,53,1006.434236,203,1,1,0,1
462,26,48,994.6853961,131,1,1,0,0
463,27,53,992.7917903,115,1,1,0,1
464,20,45,1004.175801,108,1,0,1,0
465,25,41,1009.581432,277,1,1,0,0
466,28,49,995.6851722,104,1,1,0,0
467,23,43,996.8966197,388,1,0,0,0
468,26,35,1005.462257,8,1,1,0,1
469,24,54,998.8305776,90,1,1,0,1
470,21,43,998.1389097,458,1,0,1,0
471,20,48,1001.258667,101,1,0,1,0
472,29,53,1000.126015,371,1,1,0,1
473,26,46,996.8583081,251,1,1,0,0
474,27,54,1007.651404,469,1,1,0,1
475,28,35,1007.027785,467,1,1,0,1
476,24,50,999.1233697,374,1,1,0,0
477,22,46,990.0151475,357,1,0,1,0
478,27,36,999.8231394,349,1,1,0,1
479,20,44,990.2605049,385,1,0,1,0
480,22,43,991.2534805,415,1,0,1,0
481,29,41,995.9594321,47,0,1,0,0
482,21,49,1008.058564,335,1,0,1,0
483,28,37,990.4412826,255,1,1,0,1
484,24,35,1001.639895,312,1,1,0,1
485,21,37,1009.329076,90,0,0,1,1
486,24,52,1005.859565,121,1,1,0,1
487,29,48,992.00083,41,0,1,0,0
488,28,41,997.9524559,117,1,1,0,0
489,21,53,1000.93008,239,1,0,1,1
490,27,42,996.8373947,196,1,1,0,0
491,20,47,1009.223631,351,1,0,1,0
492,27,50,1009.897176,89,0,1,0,0
493,22,50,993.9446971,92,0,0,1,0
494,23,35,1009.643483,468,1,0,0,1
495,23,46,997.9909282,417,1,0,0,0
496,29,52,998.8786647,36,0,1,0,1
497,29,53,993.6973193,268,1,1,0,1
498,25,38,992.2646952,456,1,1,0,1
499,29,45,1004.899757,486,1,1,0,0
500,23,45,1002.472943,448,1,0,0,0
501,23,44,1006.477361,388,1,0,0,0
502,25,42,1002.650632,105,1,1,0,0
503,20,43,991.2909663,188,1,0,1,0
504,22,43,1002.975043,210,1,0,1,0
505,22,42,991.9153476,179,1,0,1,0
506,27,51,1002.363992,153,1,1,0,1
507,25,43,991.9582001,62,0,1,0,0
508,24,51,1006.820265,191,1,1,0,1
509,25,52,993.7372683,99,0,1,0,1
510,23,39,999.1091364,20,0,0,0,1
511,25,54,1008.211182,278,1,1,0,1
512,22,39,999.6170022,238,1,0,1,1
513,22,41,991.0076794,3,1,0,1,0
514,20,48,994.462744,447,1,0,1,0
515,26,40,1006.039811,494,1,1,0,0
516,25,43,997.7631322,173,1,1,0,0
517,22,47,990.973005,425,1,0,1,0
518,29,53,992.8224059,336,1,1,0,1
519,26,48,1005.392271,330,1,1,0,0
520,25,39,1003.716047,345,1,1,0,1
521,24,51,997.94999,88,0,1,0,1
522,26,45,1006.937006,95,0,1,0,0
523,23,50,1009.156514,87,0,0,0,0
524,21,43,1007.685789,248,1,0,1,0
525,29,37,998.2539217,267,1,1,0,1
526,23,38,992.1321313,478,1,0,0,1
527,25,35,1001.286095,347,1,1,0,1
528,26,45,991.6911139,407,1,1,0,0
529,20,54,996.3996848,230,1,0,1,1
530,26,44,1003.002787,288,1,1,0,0
531,28,52,1004.567768,495,1,1,0,1
532,23,38,995.9648984,260,1,0,0,1
533,27,49,1005.173328,353,1,1,0,0
534,23,52,1008.944232,154,1,0,0,1
535,20,49,1006.501041,425,1,0,1,0
536,26,54,993.1952652,331,1,1,0,1
537,28,42,991.3429902,98,1,1,0,0
538,24,47,995.7727134,383,1,1,0,0
539,21,54,1003.533478,231,1,0,1,1
540,28,53,992.1657938,7,0,1,0,1
541,21,43,995.8637362,73,0,0,1,0
542,28,53,990.3315539,159,1,1,0,1
543,23,50,1007.612085,170,1,0,0,0
544,22,35,992.4634365,310,1,0,1,1
545,24,52,1002.343228,440,1,1,0,1
546,27,44,1001.048978,130,1,1,0,0
547,25,54,994.4243089,124,1,1,0,1
548,24,35,1006.602543,5,0,1,0,1
549,25,46,998.2299828,483,1,1,0,0
550,24,49,1006.351666,184,1,1,0,0
551,26,48,1008.770395,184,1,1,0,0
552,21,40,1008.51172,62,0,0,1,0
553,24,43,1000.167523,226,0,1,0,0
554,25,51,1006.048056,441,1,1,0,1
555,22,37,997.3846855,339,1,0,1,1
556,29,37,1004.460591,496,1,1,0,1
557,29,42,1008.354509,356,1,1,0,0
558,25,44,991.6136547,198,1,1,0,0
559,25,39,993.7900461,324,1,1,0,1
560,29,40,1002.087279,85,0,1,0,0
561,26,41,1003.33604,223,1,1,0,0
562,28,39,1002.522202,323,1,1,0,1
563,27,42,1003.360834,126,1,1,0,0
564,23,48,1006.033663,313,1,0,0,0
565,27,48,991.7713372,404,1,1,0,0
566,28,44,1006.741634,273,1,1,0,0
567,23,51,999.160215,326,1,0,0,1
568,21,46,1004.924247,399,1,0,1,0
569,26,39,1007.735686,471,1,0,0,1
570,22,48,1002.69332,330,1,0,1,0
571,21,42,992.4356289,466,1,0,1,0
572,21,45,992.9647836,19,0,0,1,0
573,25,38,1004.040591,388,1,1,0,1
574,26,50,994.2849168,51,0,1,0,0
575,27,47,1001.50336,7,0,1,0,0
576,22,45,1003.283922,129,1,0,0,0
577,25,44,1001.765935,282,1,1,0,0
578,25,43,995.1166071,69,1,1,0,0
579,20,45,1003.179935,417,1,0,1,0
580,22,52,1005.224773,214,1,0,1,1
581,26,43,993.689266,409,1,1,0,0
582,23,48,996.8323366,470,1,0,0,0
583,26,45,1000.046024,196,0,1,0,0
584,20,50,993.5512284,397,1,0,1,0
585,28,50,991.06677,471,1,1,0,0
586,22,53,1002.167493,94,0,0,1,1
587,24,42,1009.413556,287,1,1,0,0
588,22,46,991.8875561,177,1,0,1,0
589,22,35,1008.289127,24,0,0,1,1
590,24,53,995.6547756,37,0,1,0,1
591,27,48,1009.313406,394,1,1,0,0
592,20,50,997.5660682,5,0,0,1,0
593,24,50,996.5985832,10,0,1,0,0
594,23,43,990.8667605,486,1,0,0,0
595,22,46,996.5647029,266,1,0,1,0
596,25,36,999.330154,133,1,1,0,1
597,29,40,991.2634813,434,1,1,0,0
598,22,40,995.6711547,254,1,0,1,0
599,27,50,990.8301734,143,1,1,0,0
600,28,44,1008.848767,304,1,1,0,0
601,25,36,999.3669413,365,1,1,0,1
602,23,38,1002.663207,41,0,0,0,1
603,21,40,1004.773947,188,1,0,1,0
604,25,54,996.7752844,297,1,1,0,1
605,26,47,1007.34493,231,1,1,0,0
606,25,44,999.4945327,294,1,1,0,0
607,23,41,1007.108722,48,0,0,0,0
608,27,42,999.9239869,492,1,1,0,0
609,24,49,1009.612178,244,1,1,0,0
610,20,48,1001.798264,49,0,0,1,0
611,27,51,1004.478493,162,1,1,0,1
612,26,43,999.5427548,366,0,1,0,0
613,28,42,1009.932109,470,1,1,0,0
614,21,48,997.4993012,411,1,0,1,0
615,23,42,1002.03366,63,0,0,0,0
616,21,53,995.8007382,174,1,0,1,1
617,22,51,1001.642286,403,1,0,1,1
618,28,51,1007.0224,459,1,1,0,1
619,23,36,1000.966103,124,1,0,0,1
620,27,47,999.9050013,356,0,1,0,0
621,20,47,994.1890769,287,1,0,1,0
622,20,36,991.1621646,20,0,0,1,1
623,22,43,996.5519671,454,1,0,1,0
624,29,44,991.537937,465,1,1,0,0
625,23,53,1008.575982,197,1,0,0,1
626,27,49,1000.637724,91,0,1,0,0
627,25,54,995.0704588,320,1,1,0,1
628,22,44,995.4977881,349,1,0,1,0
629,24,48,1006.471532,375,1,1,0,0
630,29,46,1009.471616,397,1,1,0,0
631,25,44,997.4676153,87,0,1,0,0
632,23,52,993.161983,409,1,0,0,1
633,29,37,998.2691994,428,1,1,0,1
634,26,51,1002.549345,142,1,1,0,1
635,25,50,1003.492385,71,0,1,0,0
636,24,39,1000.595303,462,1,1,0,1
637,25,48,999.0599924,232,1,1,0,0
638,20,46,1007.136946,5,0,0,1,0
639,20,37,1004.706455,451,1,0,1,1
640,29,36,1009.303761,59,0,1,0,1
641,25,38,1008.412502,438,1,1,0,1
642,26,45,1006.860201,221,1,1,0,0
643,26,50,1004.355871,440,1,1,0,0
644,23,47,992.1048812,2,0,0,0,0
645,24,49,995.8288111,257,1,1,0,0
646,21,45,995.5953667,83,0,0,1,0
647,26,44,1004.614782,214,1,1,0,0
648,29,36,1002.382162,345,1,1,0,1
649,25,44,1001.11032,80,0,1,0,0
650,24,35,990.6976106,416,1,1,0,1
651,21,53,1008.383259,36,0,0,1,1
652,29,40,992.1622614,433,1,1,0,0
653,27,41,991.2343506,154,1,1,0,0
654,25,47,1003.694415,128,1,0,0,0
655,22,51,997.6865983,252,1,0,0,1
656,24,42,997.5538051,53,0,1,0,0
657,29,41,994.3542932,458,1,1,0,0
658,20,35,995.8510671,146,1,0,1,1
659,24,53,998.5615015,484,1,1,0,1
660,27,41,1002.632108,91,0,1,0,0
661,25,51,992.8754886,300,1,1,0,1
662,21,38,992.8640983,425,1,0,1,1
663,24,43,1004.014785,496,1,1,0,0
664,26,39,1003.508355,301,1,1,0,1
665,25,43,1009.125215,162,1,1,0,0
666,23,47,1007.870477,198,1,0,0,0
667,21,47,997.5923641,434,1,0,1,0
668,25,48,996.1271594,91,0,1,0,0
669,24,37,1004.964257,52,0,1,0,1
670,28,44,997.0028656,87,0,1,0,0
671,22,49,1003.532934,424,1,0,1,0
672,22,46,1008.133842,117,1,0,1,0
673,25,38,995.0416784,2,0,1,0,1
674,20,42,1000.313576,193,0,0,1,0
675,23,45,997.8628647,364,1,0,0,0
676,21,51,993.2301522,136,1,0,1,1
677,29,44,999.0440983,268,1,1,0,0
678,29,39,994.9587226,453,1,1,0,1
679,25,45,994.7496559,291,1,1,0,0
680,21,51,994.6396384,385,1,0,1,1
681,20,42,995.1351096,419,1,0,1,0
682,23,40,996.2564595,216,1,0,0,0
683,26,49,990.8885994,323,1,1,0,0
684,25,54,1003.017062,297,1,1,0,1
685,21,38,1002.629918,211,1,0,1,1
686,28,45,1000.003289,19,0,1,0,0
687,24,39,1000.733702,322,1,1,0,1
688,21,41,996.2646907,127,1,0,1,0
689,23,44,992.263553,291,1,0,0,0
690,22,51,994.2767045,444,1,0,1,1
691,28,49,1007.331985,46,0,1,0,0
692,20,36,1009.050134,349,1,0,1,1
693,29,44,1002.215585,86,1,1,0,0
694,23,41,1003.712223,110,1,0,0,0
695,24,40,996.9565356,389,1,1,0,0
696,28,48,1001.862156,322,1,1,0,0
697,25,40,995.4580914,367,1,1,0,0
698,26,52,1007.789566,418,1,1,0,1
699,28,49,1007.929372,222,1,1,0,0
700,24,36,1008.932674,128,1,1,0,1
701,21,40,1003.656678,326,1,0,1,0
702,25,41,994.8451941,56,1,1,0,0
703,20,49,1002.185896,251,1,0,1,0
704,25,40,997.9451347,455,1,1,0,0
705,23,53,1000.444529,160,1,0,0,1
706,21,41,1005.471259,415,1,0,1,0
707,27,47,993.0977264,326,1,1,0,0
708,23,45,998.7737772,411,1,0,0,0
709,25,49,1004.297662,179,1,1,0,0
710,20,41,998.8377681,186,1,0,1,0
711,25,46,1009.002962,65,0,1,0,0
712,22,36,1009.3465,234,1,0,1,1
713,25,42,1002.698891,449,1,1,0,0
714,25,54,1006.458254,359,1,1,0,1
715,23,35,995.9141708,315,1,0,0,1
716,28,41,1003.687596,223,1,1,0,0
717,21,36,1002.397714,348,1,0,1,1
718,21,38,997.4830539,217,1,0,1,1
719,27,42,1002.471258,256,1,1,0,0
720,28,41,1004.971011,249,1,1,0,0
721,29,48,995.9521198,215,1,1,0,0
722,26,41,992.7785121,66,0,1,0,0
723,25,53,992.5683241,410,1,1,0,1
724,29,52,999.0231646,139,1,1,0,1
725,27,36,994.8217897,77,0,1,0,1
726,28,35,1006.20541,89,0,1,0,1
727,26,36,990.7481223,351,1,1,0,1
728,23,35,1003.216796,368,1,0,0,1
729,25,44,996.533416,353,1,1,0,0
730,25,38,1009.884783,380,1,1,0,1
731,20,36,992.3656568,490,1,0,1,1
732,24,36,993.2626812,401,1,1,0,1
733,22,36,1008.07986,280,1,0,1,1
734,21,45,991.1435989,84,1,0,1,0
735,28,53,990.4358957,88,1,1,0,1
736,29,52,999.0451502,328,1,1,0,1
737,21,40,1009.571339,302,1,0,1,0
738,20,42,992.6289791,236,1,0,1,0
739,27,38,994.356533,214,1,1,0,1
740,26,54,1009.050207,14,0,1,0,1
741,28,53,991.7171738,23,0,1,0,1
742,21,47,1008.869038,14,0,0,1,0
743,23,47,1005.415029,337,1,0,0,0
744,20,39,1000.13832,317,1,0,1,1
745,28,50,1005.550953,347,1,1,0,0
746,23,50,990.6647051,268,1,0,0,0
747,28,47,997.1175338,184,1,1,0,0
748,24,46,998.7834565,50,0,1,0,0
749,24,53,1003.301985,489,1,1,0,1
750,22,36,991.1905285,178,1,0,1,1
751,22,52,1008.454467,231,1,0,1,1
752,27,42,997.1507881,188,1,1,0,0
753,21,54,1009.571415,471,1,0,1,1
754,23,49,1004.305033,171,1,0,0,0
755,28,36,1008.477287,258,1,1,0,1
756,22,50,996.8741143,65,0,0,1,0
757,24,37,1009.294867,396,1,1,0,1
758,21,36,1006.995342,331,1,0,1,1
759,25,45,1008.060366,66,0,1,0,0
760,24,44,1005.615523,130,1,1,0,0
761,24,38,1001.039828,239,1,1,0,1
762,28,43,990.6769761,15,0,1,0,0
763,23,53,1005.298604,240,1,0,0,1
764,25,35,992.4248171,421,1,1,0,1
765,23,48,1005.949277,268,1,0,0,0
766,22,40,1009.125356,274,1,0,1,0
767,22,52,994.6656614,189,1,0,1,1
768,21,41,998.2307331,336,1,0,1,0
769,21,47,1005.395385,210,1,0,1,0
770,27,51,1004.446587,199,1,1,0,1
771,21,47,996.59352,55,1,0,1,0
772,22,40,994.8356376,50,1,0,1,0
773,24,53,993.578675,498,1,1,0,1
774,21,43,994.3798474,291,1,0,1,0
775,24,49,996.9861959,140,1,1,0,0
776,27,43,999.5512946,116,0,1,0,0
777,21,38,1005.620555,462,1,0,1,1
778,22,50,1004.962018,66,1,0,1,0
779,27,45,995.2458199,439,1,1,0,0
780,28,42,993.0355243,368,1,1,0,0
781,29,48,995.2138521,330,1,1,0,0
782,25,54,1002.802566,411,1,1,0,1
783,28,47,994.6059794,464,1,1,0,0
784,22,51,1007.150937,162,1,0,1,1
785,28,47,1002.583528,365,1,1,0,0
786,26,46,1003.080487,27,0,1,0,0
787,25,35,999.5674223,342,1,1,0,1
788,24,35,1003.944247,487,1,1,0,1
789,20,46,1000.093059,162,0,0,1,0
790,24,43,1003.488858,343,1,1,0,0
791,21,47,1009.050631,340,1,0,1,0
792,22,37,994.5257371,63,1,0,1,1
793,25,39,1001.658507,262,1,1,0,1
794,21,40,1003.171836,136,1,0,1,0
795,23,39,1005.304172,289,1,0,0,1
796,20,40,995.2778931,255,1,0,1,0
797,29,45,1001.613936,467,1,1,0,0
798,20,44,998.6736649,74,0,0,1,0
799,29,53,1005.368467,359,1,1,0,1
800,29,47,1002.350879,110,1,1,0,0
801,23,47,1009.041162,242,1,0,0,0
802,28,38,991.9963708,167,1,1,0,1
803,21,46,1004.677773,55,0,0,1,0
804,27,47,999.6410036,193,0,1,0,0
805,27,46,993.5744505,10,1,1,0,0
806,29,36,996.9945831,381,1,1,0,1
807,27,38,995.2295662,339,1,1,0,1
808,28,51,1005.269556,314,1,1,0,1
809,21,54,991.0388067,71,0,0,1,1
810,22,47,996.1513274,301,1,0,1,0
811,29,42,1001.107637,237,1,1,0,0
812,27,42,990.1262806,115,1,1,0,0
813,26,44,1002.984381,292,1,1,0,0
814,26,47,1005.338371,30,0,1,0,0
815,24,52,999.9610891,119,1,1,0,1
816,22,49,992.296218,443,1,0,1,0
817,20,50,1005.517822,192,1,0,1,0
818,21,35,995.5595173,85,0,0,1,1
819,23,39,1001.718924,464,1,0,0,1
820,25,36,1008.71922,283,1,1,0,1
821,29,42,994.9115812,248,1,1,0,0
822,21,37,993.0743504,221,1,0,1,1
823,25,50,1009.902443,481,1,1,0,0
824,22,39,1006.318518,382,1,0,1,1
825,23,53,1003.898461,479,1,0,0,1
826,29,39,998.496581,455,1,1,0,1
827,20,45,991.196228,471,1,0,1,0
828,22,50,995.2437286,174,1,0,1,0
829,26,37,1001.976339,60,0,1,0,1
830,21,48,1005.68745,3,0,0,1,0
831,23,53,998.3795205,270,1,0,0,1
832,27,39,999.3481461,253,1,1,0,1
833,26,53,1002.522508,151,1,1,0,1
834,28,36,1003.518987,50,0,1,0,1
835,25,47,995.3291163,272,1,1,0,0
836,24,45,999.0276144,111,1,1,0,0
837,21,46,992.0003533,207,1,0,1,0
838,25,52,991.8090765,60,0,1,0,1
839,23,43,994.8211505,440,1,0,0,0
840,22,37,994.8016839,362,1,0,1,1
841,20,36,999.1039071,61,1,0,1,1
842,25,44,997.1311046,432,1,1,0,0
843,25,48,991.9491636,250,1,1,0,0
844,25,43,1002.118049,170,1,1,0,0
845,28,37,1006.207882,257,1,1,0,1
846,22,54,1003.302183,39,0,0,1,1
847,21,44,1006.93371,314,1,0,1,0
848,21,42,992.6211384,109,1,0,1,0
849,25,51,1009.037375,220,1,1,0,1
850,28,45,1008.974333,95,1,1,0,0
851,21,39,997.9994338,104,1,0,1,1
852,25,47,999.4451942,198,1,1,0,0
853,29,51,1000.221897,363,1,1,0,1
854,23,40,1009.133754,266,1,0,0,0
855,26,54,990.7080957,212,1,1,0,1
856,20,44,1005.500353,322,1,0,1,0
857,27,51,1001.244318,284,1,1,0,1
858,25,52,995.4739105,227,1,1,0,1
859,23,46,996.6027598,205,1,0,0,0
860,29,47,1008.896454,115,1,1,0,0
861,22,35,992.8485179,145,1,0,1,1
862,22,44,998.0537039,494,1,0,1,0
863,28,36,1005.682202,323,1,1,0,1
864,23,50,999.9640849,40,0,0,0,0
865,21,48,990.152045,338,1,0,1,0
866,23,52,1005.513988,82,0,0,0,1
867,23,35,997.1438349,152,1,0,0,1
868,27,39,999.478313,298,1,1,0,1
869,24,47,1007.253065,169,1,1,0,0
870,20,50,999.9327459,468,1,0,1,0
871,24,53,1001.483712,62,0,1,0,1
872,21,42,998.0636065,135,1,0,1,0
873,21,40,993.2012024,361,1,0,1,0
874,22,48,1002.897061,476,1,0,1,0
875,29,50,998.7050459,349,1,1,0,0
876,23,35,990.3509411,9,0,0,0,1
877,22,42,1007.693914,311,1,0,1,0
878,24,42,996.8593534,386,1,1,0,0
879,25,42,1009.482805,133,1,1,0,0
880,26,40,998.2800863,338,1,1,0,0
881,22,53,1001.148102,135,1,0,1,1
882,24,49,999.1793913,212,1,1,0,0
883,28,36,1005.236958,481,1,1,0,1
884,24,36,995.8820634,366,1,1,0,1
885,20,46,990.8999529,427,1,0,1,0
886,22,43,995.8786526,127,1,0,1,0
887,25,36,1009.235547,295,1,1,0,1
888,27,49,997.8000525,483,1,1,0,0
889,20,42,992.5517899,411,1,0,1,0
890,29,43,1000.124701,412,1,1,0,0
891,23,41,993.7092773,14,0,0,0,0
892,21,46,998.6255339,235,1,0,1,0
893,23,54,1004.518791,403,1,0,0,1
894,23,51,996.8620825,257,1,0,0,1
895,28,39,1005.749158,139,1,1,0,1
896,26,45,1007.72725,216,1,1,0,0
897,20,45,1001.227609,421,1,0,1,0
898,25,52,994.241389,92,0,1,0,1
899,23,45,995.9658826,82,0,1,0,0
900,21,40,1004.396236,102,1,0,1,0
901,28,53,994.5821777,130,1,1,0,1
902,27,46,1005.578492,404,1,1,0,0
903,27,53,1002.988921,410,1,1,0,1
904,29,46,996.4194921,42,0,1,0,0
905,25,50,990.8609689,262,1,1,0,0
906,20,44,1000.117793,398,0,0,1,0
907,21,45,1003.306688,170,1,0,1,0
908,29,35,996.0833851,464,1,1,0,1
909,24,44,1009.529751,85,0,1,0,0
910,23,36,1006.435762,359,1,0,0,1
911,28,39,1006.900319,382,1,1,0,1
912,26,39,999.717037,215,1,1,0,1
913,29,43,999.2693265,141,1,1,0,0
914,27,51,997.0161393,264,1,1,0,1
915,24,42,991.1379732,416,1,1,0,0
916,21,52,995.9410558,349,1,0,1,1
917,21,52,995.8314067,45,1,0,1,1
918,27,51,1005.800849,134,1,1,0,1
919,24,39,1003.477853,230,1,1,0,1
920,29,40,1000.713131,439,1,1,0,0
921,25,35,995.5557357,118,1,1,0,1
922,24,46,1004.488513,382,1,1,0,0
923,27,38,994.5958461,368,1,1,0,1
924,21,53,1006.294433,349,1,0,1,1
925,23,50,1006.740187,93,0,0,0,0
926,26,44,1000.452826,241,1,1,0,0
927,23,45,1001.818626,336,1,1,0,0
928,27,47,1007.85942,318,1,1,0,0
929,29,44,997.4308771,460,1,1,0,0
930,28,51,1008.76019,362,1,1,0,1
931,21,51,1000.81713,212,1,0,1,1
932,27,54,1000.385255,227,1,1,0,1
933,20,49,999.466681,446,1,0,1,0
934,28,42,994.0463655,460,1,1,0,0
935,26,47,1000.925866,383,1,1,0,0
936,27,42,997.8131317,145,1,1,0,0
937,26,50,998.9351648,459,1,1,0,0
938,22,43,1007.083801,250,1,0,1,0
939,27,52,992.9372801,220,1,1,0,1
940,27,38,1008.267153,311,1,1,0,1
941,25,52,1003.909462,435,1,1,0,1
942,25,51,995.7054502,178,1,1,0,1
943,20,46,1006.782451,4,0,0,1,0
944,29,47,1000.561868,330,1,1,0,0
945,29,42,1001.320322,125,1,1,0,0
946,28,39,999.8984292,251,1,1,0,1
947,27,42,1007.933236,122,1,1,0,0
948,24,40,998.5860477,99,0,1,0,0
949,26,53,1009.510826,357,1,1,0,1
950,21,47,1002.410389,25,0,0,1,0
951,23,50,1000.512435,190,1,0,0,0
952,26,39,1009.289427,89,0,1,0,1
953,29,51,1002.87967,48,0,1,0,1
954,28,40,992.848707,342,1,1,0,0
955,25,47,999.6377983,336,1,1,0,0
956,27,48,1009.493057,56,1,1,0,0
957,24,54,1003.608303,397,1,1,0,1
958,27,43,1000.076287,340,1,1,0,0
959,22,52,995.0166144,120,1,0,1,1
960,20,39,996.3893053,66,0,0,1,1
961,24,36,992.7480401,478,1,0,0,1
962,26,54,1006.82058,370,1,1,0,1
963,29,42,997.8899318,210,1,1,0,0
964,27,43,995.600222,128,1,1,0,0
965,22,37,1007.972566,466,1,0,1,1
966,29,48,1001.729036,408,1,1,0,0
967,21,39,1003.455756,199,1,0,1,1
968,24,48,991.3730166,188,1,0,0,0
969,27,47,992.4370937,325,1,1,0,0
970,24,52,1003.960809,397,1,1,0,1
971,26,44,1004.059045,239,1,1,0,0
972,25,39,990.2652167,287,1,1,0,1
973,23,52,999.3951263,444,1,0,0,1
974,23,44,995.7838859,245,1,1,0,0
975,22,47,1002.373977,280,1,0,1,0
976,27,49,999.1473314,196,1,1,0,0
977,20,41,998.8059618,421,1,0,1,0
978,28,40,1006.577368,335,1,1,0,0
979,20,51,1005.107563,157,1,0,1,1
980,28,51,995.8247724,482,1,1,0,1
981,22,42,1007.155549,351,1,0,1,0
982,26,49,998.9064418,292,1,1,0,0
983,24,38,1009.223339,441,1,1,0,1
984,21,53,1008.950551,146,1,0,1,1
985,20,40,998.751311,232,1,0,1,0
986,20,51,997.8523612,380,1,0,1,1
987,27,36,1007.846862,226,1,1,0,1
988,22,50,992.470918,92,0,0,1,0
989,29,52,1005.946055,42,0,1,0,1
990,27,53,994.4156828,470,1,1,0,1
991,23,40,1000.180724,438,1,0,0,0
992,22,37,996.5704399,223,1,0,1,1
993,20,38,1005.167483,272,1,0,1,1
994,27,54,1000.591827,342,1,1,0,1
995,23,44,996.1494504,59,0,0,1,0
996,26,49,1002.271692,365,1,1,0,0
997,26,44,990.3435536,95,0,1,0,0
998,29,45,1007.794771,332,1,1,0,0
999,21,51,1008.848963,481,1,0,1,1
1000,24,52,1001.80518,31,0,1,0,1
1001,21,46,995.0299402,123,1,0,1,0
1002,26,40,990.8207418,402,1,1,0,0
1003,25,46,999.1132877,177,1,1,0,0
1004,24,48,990.9884563,489,1,1,0,0
1005,29,53,1005.485533,135,1,1,0,1
1006,26,47,996.8964119,499,1,1,0,0
1007,23,38,999.049461,62,0,0,0,1
1008,29,54,1002.682662,486,1,1,0,1
1009,26,47,993.9355048,463,1,1,0,0
1010,21,41,998.7638011,302,1,0,1,0
1011,27,44,992.8279408,193,1,1,0,0
1012,25,41,1002.581097,79,0,1,0,0
1013,27,42,1007.058595,453,1,1,0,0
1014,25,50,994.6591562,298,1,1,0,0
1015,27,53,995.6070889,85,0,1,0,1
1016,22,45,998.5709859,446,1,0,0,0
1017,22,36,999.6968538,385,1,0,0,1
1018,25,42,1001.811258,36,0,1,0,0
1019,28,45,1000.159101,491,1,1,0,0
1020,20,47,1008.487177,234,1,0,1,0
1021,28,40,990.22678,120,1,1,0,0
1022,21,36,994.959144,409,1,0,1,1
1023,26,50,992.6679453,175,1,1,0,0
1024,22,36,1004.331811,159,1,0,1,1
1025,24,52,995.3515034,72,0,1,0,1
1026,23,36,998.7814907,73,1,0,0,1
1027,25,49,1002.711804,19,1,1,0,0
1028,29,42,1006.011564,428,1,1,0,0
1029,26,35,996.7623939,21,0,1,0,1
1030,22,45,996.9594805,360,1,0,1,0
1031,21,42,996.903329,249,1,0,1,0
1032,21,39,1007.686905,199,1,0,1,1
1033,28,49,992.4720544,231,1,1,0,0
1034,27,45,1002.099991,107,1,1,0,0
1035,28,52,990.004632,386,1,1,0,1
1036,20,43,1005.82736,163,1,0,1,0
1037,27,46,993.3369616,273,1,1,0,0
1038,21,38,997.5754156,403,1,0,1,1
1039,28,40,995.2088794,148,1,1,0,0
1040,24,48,1003.59075,94,1,1,0,0
1041,25,45,1000.39573,300,0,1,0,0
1042,20,45,997.338639,316,1,0,1,0
1043,22,36,996.5311972,182,1,0,1,1
1044,21,48,991.7109818,49,0,0,1,0
1045,25,52,1007.017707,26,0,1,0,1
1046,21,48,999.0000556,114,1,0,1,0
1047,25,49,1002.313056,192,1,1,0,0
1048,22,43,998.9281866,105,1,0,1,0
1049,28,50,1002.807359,38,1,1,0,0
1050,26,37,1007.410083,436,1,1,0,1
1051,22,53,991.3965453,242,1,0,1,1
1052,23,39,1006.294102,379,1,0,0,1
1053,29,47,993.1823473,304,1,1,0,0
1054,24,44,992.8540304,229,1,1,0,0
1055,24,49,996.7012278,437,1,1,0,0
1056,24,40,1003.944689,171,1,1,0,0
1057,21,50,991.6216104,348,1,0,1,0
1058,28,43,993.2282849,356,1,1,0,0
1059,22,36,1000.966396,206,1,0,1,1
1060,22,45,998.9315722,453,1,0,1,0
1061,26,36,1009.057645,174,1,1,0,1
1062,29,39,1002.753082,26,0,1,0,1
1063,24,53,1000.512321,473,1,1,0,1
1064,27,38,997.0390643,59,0,1,0,1
1065,21,42,1000.892608,339,1,0,1,0
1066,27,38,1001.170282,478,1,1,0,1
1067,24,42,997.2707909,148,1,1,0,0
1068,28,41,991.6915025,386,1,1,0,0
1069,21,49,1001.447402,268,1,0,1,0
1070,21,43,991.6371784,29,0,0,1,0
1071,29,50,995.1015006,428,1,1,0,0
1072,29,47,1000.751907,117,1,1,0,0
1073,25,39,994.8519186,5,0,1,0,1
1074,28,49,997.4436576,55,0,1,0,0
1075,25,52,1006.097524,431,1,1,0,1
1076,23,41,1006.582912,195,1,0,0,0
1077,27,46,998.6674303,478,1,1,0,0
1078,21,40,1002.017485,126,1,0,1,0
1079,23,44,991.07321,188,1,0,0,0
1080,24,43,995.7259751,101,1,1,0,0
1081,24,49,1002.50376,152,1,1,0,0
1082,20,45,996.6931231,314,1,0,1,0
1083,20,49,995.3700331,193,1,0,1,0
1084,21,53,1008.961811,281,1,0,1,1
1085,27,45,1004.086644,201,1,1,0,0
1086,29,50,1004.041144,494,1,1,0,0
1087,24,42,1007.460162,238,1,1,0,0
1088,28,43,1005.709352,293,1,1,0,0
1089,23,39,1009.282642,6,0,0,0,1
1090,24,47,992.3712023,376,1,1,0,0
1091,27,46,991.2758318,84,0,1,0,0
1092,27,53,1006.418314,248,1,1,0,1
1093,27,45,1008.266772,234,1,1,0,0
1094,25,53,1007.784578,379,1,1,0,1
1095,26,43,1008.337331,300,1,1,0,0
1096,22,38,999.1242701,111,1,0,1,1
1097,29,54,1006.573305,79,0,1,0,1
1098,23,36,1000.322035,65,0,0,0,1
1099,23,41,1002.263759,142,1,0,0,0
1100,22,47,996.8066771,45,1,0,1,0
1101,23,40,1000.867025,202,1,0,0,0
1102,28,47,990.9985604,259,1,1,0,0
1103,21,49,996.9048226,233,1,0,1,0
1104,23,52,993.1240046,79,0,0,0,1
1105,21,52,993.4180398,15,0,0,1,1
1106,29,49,997.1335606,114,1,1,0,0
1107,21,46,997.6780253,446,1,0,1,0
1108,26,48,993.9522581,495,1,1,0,0
1109,27,47,1008.805088,219,1,1,0,0
1110,26,45,998.8696609,463,1,1,0,0
1111,26,45,1006.420401,470,1,1,0,0
1112,24,38,1006.234562,474,1,1,0,1
1113,28,45,992.1933063,81,0,1,0,0
1114,22,40,993.6899733,260,1,0,1,0
1115,24,44,992.3002244,78,1,1,0,0
1116,23,53,995.1911375,452,1,0,0,1
1117,23,43,990.8562475,370,1,0,0,0
1118,23,43,994.3415523,207,1,0,0,0
1119,27,43,1006.381425,392,1,1,0,0
1120,28,52,994.8961962,303,1,1,0,1
1121,28,49,991.0658477,68,0,1,0,0
1122,25,40,990.1814299,347,1,1,0,0
1123,28,45,1002.758759,472,1,1,0,0
1124,24,42,1000.816708,303,1,1,0,0
1125,29,41,1001.956374,391,1,1,0,0
1126,21,49,993.268534,58,0,0,1,0
1127,26,38,996.3485996,468,1,1,0,1
1128,26,51,990.6258785,137,1,1,0,1
1129,29,54,993.4335926,102,1,1,0,1
1130,22,53,1007.738107,370,1,0,1,1
1131,24,41,996.5339666,176,1,1,0,0
1132,29,50,1004.566735,202,1,1,0,0
1133,26,54,994.8448849,468,1,1,0,1
1134,22,41,1001.450504,209,1,0,1,0
1135,21,50,1004.370503,277,1,0,1,0
1136,28,48,996.3769705,269,1,1,0,0
1137,21,37,994.6514015,60,0,0,1,1
1138,25,35,1000.463544,382,1,1,0,1
1139,26,44,1008.471881,250,1,1,0,0
1140,20,37,1001.446778,441,1,0,1,1
1141,29,35,1000.305131,284,1,1,0,1
1142,25,51,1006.989142,280,1,1,0,1
1143,26,41,990.8960329,345,1,1,0,0
1144,29,44,997.3209915,350,1,1,0,0
1145,23,39,1002.528425,19,0,0,0,1
1146,29,37,1006.941112,349,1,1,0,1
1147,20,51,1008.698037,99,0,0,1,1
1148,24,46,1001.930236,73,0,1,0,0
1149,29,51,1009.957382,74,0,1,0,1
1150,21,41,996.9312131,180,1,0,1,0
1151,22,40,1002.848362,146,1,0,1,0
1152,23,35,994.2522011,337,1,0,0,1
1153,28,36,992.0926008,399,1,1,0,1
1154,29,48,1002.472148,442,1,1,0,0
1155,29,50,998.1446687,158,1,1,0,0
1156,21,35,991.2391182,295,1,0,1,1
1157,21,39,991.8737273,103,1,0,1,1
1158,28,39,1005.322544,78,1,1,0,1
1159,29,46,1002.86726,266,1,1,0,0
1160,27,50,990.6687318,373,1,1,0,0
1161,21,48,1006.280479,205,1,0,1,0
1162,22,54,1003.100818,215,1,0,1,1
1163,27,46,996.1792685,145,1,1,0,0
1164,27,47,1006.835192,426,1,1,0,0
1165,29,44,998.4192768,477,1,1,0,0
1166,29,48,1003.229862,47,0,1,0,0
1167,23,39,1002.9735,6,0,0,0,1
1168,26,47,991.9431228,291,1,1,0,0
1169,22,41,1000.037683,23,0,0,1,0
1170,24,41,995.9534398,231,1,1,0,0
1171,23,49,998.2364149,373,1,0,0,0
1172,25,37,997.2293419,488,1,1,0,1
1173,26,42,999.852201,360,0,1,0,0
1174,29,43,1004.661942,155,1,1,0,0
1175,27,36,997.7376055,385,1,1,0,1
1176,29,51,1005.374664,185,1,1,0,1
1177,29,51,992.9537009,87,0,1,0,1
1178,28,54,993.5327938,353,1,1,0,1
1179,29,46,991.0276513,349,1,1,0,0
1180,22,35,1000.728235,98,0,0,1,1
1181,26,38,991.5500681,367,1,1,0,1
1182,26,49,1006.474112,346,1,1,0,0
1183,21,38,995.869169,468,1,0,1,1
1184,27,53,1001.417409,243,1,1,0,1
1185,27,37,990.2385508,17,1,1,0,1
1186,24,42,1000.809777,278,1,1,0,0
1187,23,41,1002.126033,419,1,0,0,0
1188,26,35,995.3359587,272,1,1,0,1
1189,21,54,995.2273489,457,1,0,1,1
1190,28,40,1009.183593,364,1,1,0,0
1191,22,47,997.7923436,332,1,0,1,0
1192,21,43,993.6916224,266,1,0,1,0
1193,29,47,1009.828864,244,1,1,0,0
1194,28,54,1000.854651,354,1,1,0,1
1195,26,42,994.6463229,472,1,1,0,0
1196,20,48,990.0776726,15,0,0,1,0
1197,26,41,997.3716789,43,0,1,0,0
1198,26,47,1000.232146,438,1,1,0,0
1199,23,47,1006.844583,475,1,0,0,0
1200,25,38,993.9612743,470,1,1,0,1
1201,26,43,1007.604542,462,1,1,0,0
1202,24,53,1005.670272,312,1,1,0,1
1203,27,43,996.5970672,214,1,1,0,0
1204,22,42,995.5675558,177,1,0,1,0
1205,20,54,992.1888894,488,1,0,1,1
1206,20,44,999.0270924,468,1,0,1,0
1207,22,49,996.3677956,121,1,0,1,0
1208,27,48,995.8061517,60,0,1,0,0
1209,26,35,1007.421198,179,1,1,0,1
1210,22,42,996.1735526,377,1,0,1,0
1211,22,40,1002.682031,370,1,0,1,0
1212,29,51,993.4594356,407,1,1,0,1
1213,26,45,998.2797076,327,1,1,0,0
1214,28,37,999.327537,369,1,1,0,1
1215,22,48,1005.558881,299,1,0,1,0
1216,28,52,996.6542626,341,1,1,0,1
1217,27,43,990.3864449,235,1,1,0,0
1218,29,42,1002.866942,72,0,1,0,0
1219,27,49,999.401332,499,1,1,0,0
1220,22,47,1003.897036,282,1,0,1,0
1221,27,50,1008.276072,141,1,1,0,0
1222,22,51,993.4652982,342,1,0,1,1
1223,23,47,995.7432401,17,0,0,0,0
1224,26,51,994.1282521,370,1,1,0,1
1225,25,54,994.195313,278,1,1,0,1
1226,26,42,1000.073425,307,0,1,0,0
1227,27,50,996.5524638,294,1,1,0,0
1228,26,53,990.0819363,425,1,1,0,1
1229,20,42,1004.608989,243,1,0,1,0
1230,20,40,994.8430157,71,1,0,1,0
1231,26,37,998.0970382,404,1,1,0,1
1232,20,51,1007.177185,259,1,0,1,1
1233,20,35,994.7684507,137,1,0,1,1
1234,29,54,1007.059237,347,1,1,0,1
1235,24,43,1008.957185,67,0,1,0,0
1236,23,48,998.6878051,97,0,0,0,0
1237,25,53,994.2885857,375,1,1,0,1
1238,29,52,1004.709018,292,1,1,0,1
1239,22,40,998.8484123,356,1,0,1,0
1240,23,44,992.1649163,61,0,0,0,0
1241,28,36,996.9742366,471,1,1,0,1
1242,20,42,998.3003937,429,1,0,1,0
1243,25,43,990.7427368,25,0,1,0,0
1244,24,44,993.0333726,19,0,1,0,0
1245,20,38,1006.217255,440,1,0,1,1
1246,28,47,1007.881868,8,1,1,0,0
1247,24,44,991.5978409,272,1,1,0,0
1248,26,45,991.0254582,60,1,1,0,0
1249,28,43,996.3908293,86,1,1,0,0
1250,29,46,995.8368558,259,1,1,0,0
1251,23,39,993.0233851,99,1,0,0,1
1252,26,39,1007.383812,475,1,1,0,1
1253,29,43,1007.925306,219,1,1,0,0
1254,23,47,990.9391217,228,1,0,0,0
1255,21,40,996.3160778,165,1,0,1,0
1256,25,48,998.2551254,169,1,1,0,0
1257,28,39,1004.895129,163,1,1,0,1
1258,28,35,991.4423895,129,1,1,0,1
1259,29,42,992.7680041,318,1,1,0,0
1260,23,47,1007.153365,449,1,0,0,0
1261,22,50,991.5979237,214,1,0,1,0
1262,21,43,996.2120798,16,1,0,1,0
1263,23,50,1006.222658,181,1,0,0,0
1264,27,38,1008.559332,81,1,1,0,1
1265,28,50,1009.453218,234,1,1,0,0
1266,27,43,1003.992174,240,1,1,0,0
1267,26,51,996.9607162,343,1,1,0,1
1268,22,53,1003.438902,144,1,0,1,1
1269,26,48,1001.580356,432,1,1,0,0
1270,24,38,1000.033779,196,1,1,0,1
1271,25,42,990.2874459,358,1,1,0,0
1272,25,44,997.3046106,58,0,1,0,0
1273,23,54,997.9851649,140,1,0,0,1
1274,29,50,1005.674496,188,1,1,0,0
1275,29,42,999.3086205,305,1,1,0,0
1276,25,41,1008.338183,253,1,1,0,0
1277,26,38,993.9813371,59,0,1,0,1
1278,21,40,990.8247007,68,0,0,1,0
1279,25,37,1006.37706,157,1,1,0,1
1280,21,37,994.2768826,161,1,0,1,1
1281,24,50,1005.413004,124,1,1,0,0
1282,22,53,1006.287583,183,1,0,1,1
1283,23,47,994.8325045,436,1,0,0,0
1284,25,37,1009.504099,71,0,1,0,1
1285,23,47,999.7971271,334,0,0,0,0
1286,20,47,995.7227708,80,0,0,1,0
1287,28,38,1005.779294,51,0,1,0,1
1288,28,51,1004.802166,119,1,1,0,1
1289,20,39,1005.35504,155,1,0,1,1
1290,23,40,1003.104011,461,1,0,0,0
1291,20,39,1000.372674,244,1,0,1,1
1292,25,48,990.2294546,18,0,1,0,0
1293,23,52,991.4370154,401,1,0,0,1
1294,28,37,1001.697226,150,1,1,0,1
1295,25,37,998.1676801,269,1,1,0,1
1296,27,54,997.1926969,222,1,1,0,1
1297,29,46,993.813648,272,1,1,0,0
1298,23,46,1006.286613,59,0,0,0,0
1299,29,52,1006.996588,214,1,1,0,1
1300,26,35,1007.091617,217,1,1,0,1
1301,29,38,996.3230161,68,0,1,0,1
1302,20,46,999.5176705,319,1,0,1,0
1303,25,42,1003.496315,219,1,1,0,0
1304,22,52,995.4923562,121,1,0,1,1
1305,26,39,991.9525489,56,0,1,0,1
1306,22,46,1003.475241,67,0,0,1,0
1307,28,49,999.6634568,454,1,1,0,0
1308,20,46,993.0243697,261,1,0,1,0
1309,29,42,1008.802583,393,1,1,0,0
1310,22,47,1000.06444,49,0,0,1,0
1311,26,50,991.2791877,13,0,1,0,0
1312,21,39,1000.082355,48,0,0,1,1
1313,24,50,1000.498092,81,0,1,0,0
1314,21,47,1008.378127,63,0,0,1,0
1315,29,51,1007.66449,318,1,1,0,1
1316,20,44,1006.53217,397,1,0,1,0
1317,29,40,999.1392359,165,1,1,0,0
1318,21,35,996.6865397,277,1,0,1,1
1319,27,49,1007.785011,244,1,1,0,0
1320,23,50,1009.536996,449,1,0,0,0
1321,23,45,1002.948122,393,1,0,0,0
1322,22,41,991.676808,83,0,0,1,0
1323,23,35,990.4052948,401,1,0,0,1
1324,27,49,999.7295737,188,1,1,0,0
1325,28,49,1001.554736,20,0,1,0,0
1326,26,49,1006.899517,139,1,1,0,0
1327,22,43,1004.818657,469,1,0,1,0
1328,21,49,1005.129052,257,1,0,1,0
1329,20,44,1007.573299,1,1,0,1,0
1330,20,40,1000.169806,361,0,0,1,0
1331,25,35,1009.6057,382,1,1,0,1
1332,20,47,996.3522398,335,1,0,1,0
1333,26,45,1002.050437,434,1,1,0,0
1334,26,37,997.6534895,273,1,1,0,1
1335,21,53,1005.453876,495,1,0,1,1
1336,25,45,1006.052916,176,1,1,0,0
1337,23,52,994.6248069,120,1,0,0,1
1338,23,53,1004.121682,59,0,0,0,1
1339,28,51,1002.941148,173,1,1,0,1
1340,26,48,996.4095291,133,1,1,0,0
1341,29,35,996.5758633,232,1,1,0,1
1342,20,43,997.4495981,367,1,0,1,0
1343,24,53,1007.620604,246,1,1,0,1
1344,27,38,994.9478595,444,1,1,0,1
1345,26,49,1002.678803,213,1,1,0,0
1346,20,45,993.9134958,452,1,0,1,0
1347,28,39,1003.349366,60,0,1,0,1
1348,21,35,997.0863548,256,1,0,1,1
1349,21,45,1002.700511,229,1,0,1,0
1350,23,39,990.4407878,440,1,0,0,1
1351,25,49,1000.773484,341,1,1,0,0
1352,23,44,1000.734189,64,0,0,0,0
1353,26,38,996.7244244,380,1,1,0,1
1354,25,54,992.9428747,172,1,1,0,1
1355,27,51,991.7017773,274,1,1,0,1
1356,25,38,1004.815314,391,1,1,0,1
1357,28,38,1004.017467,249,1,1,0,1
1358,25,42,1005.661216,223,1,1,0,0
1359,23,40,990.7932255,305,1,0,0,0
1360,29,40,996.7803089,316,1,1,0,0
1361,27,43,1009.821622,392,1,1,0,0
1362,27,54,995.6691619,469,1,1,0,1
1363,22,51,994.2336827,466,1,0,1,1
1364,22,35,1007.759546,217,1,0,1,1
1365,26,35,1007.36564,490,1,1,0,1
1366,21,35,999.6047063,287,1,0,1,1
1367,28,49,990.32409,380,1,1,0,0
1368,24,39,997.7083494,340,1,1,0,1
1369,21,54,1007.135956,189,1,0,1,1
1370,20,45,1000.276889,431,1,0,1,0
1371,22,48,1006.551339,229,1,0,1,0
1372,28,51,1003.896744,356,1,1,0,1
1373,25,39,1004.438904,305,1,1,0,1
1374,27,38,992.4429121,32,0,1,0,1
1375,29,40,1009.537065,115,1,1,0,0
1376,26,37,1002.424742,355,1,1,0,1
1377,23,43,1005.290509,108,1,0,0,0
1378,21,49,996.6623528,248,1,0,1,0
1379,27,42,996.5065999,45,0,1,0,0
1380,21,50,1000.541597,365,1,0,1,0
1381,28,46,1009.118163,67,0,1,0,0
1382,20,46,1000.254936,379,0,0,1,0
1383,29,44,1001.614243,62,0,1,0,0
1384,28,54,997.228963,453,1,1,0,1
1385,26,42,990.3734883,495,1,1,0,0
1386,28,35,1003.795908,191,1,1,0,1
1387,25,39,1002.132369,160,1,1,0,1
1388,26,53,992.0965182,491,1,1,0,1
1389,27,39,1002.62944,203,1,1,0,1
1390,29,35,990.0749588,473,1,1,0,1
1391,27,38,996.8281318,282,1,1,0,1
1392,29,47,1004.218219,183,1,1,0,0
1393,21,37,1004.853646,251,1,0,1,1
1394,22,44,996.711985,477,1,0,1,0
1395,27,50,996.8045567,294,1,1,0,0
1396,27,51,1001.738435,421,1,1,0,1
1397,25,52,993.5480783,210,1,1,0,1
1398,21,54,999.1890206,6,1,0,1,1
1399,25,44,1004.537077,238,1,1,0,0
1400,29,37,990.1491465,140,1,1,0,1
1401,27,43,1005.343684,114,1,1,0,0
1402,24,45,992.7447903,204,1,1,0,0
1403,28,40,990.3197153,204,1,1,0,0
1404,27,47,1002.369975,444,1,1,0,0
1405,25,42,1007.720381,58,0,1,0,0
1406,25,41,997.2037641,457,1,1,0,0
1407,27,38,1005.748523,132,1,1,0,1
1408,28,37,1003.218703,141,1,1,0,1
1409,22,50,1003.492982,239,1,0,1,0
1410,21,48,997.6502116,133,1,0,1,0
1411,25,36,994.8772493,228,1,1,0,1
1412,29,35,1005.127312,284,1,1,0,1
1413,27,38,1003.255903,136,1,1,0,1
1414,20,46,995.3903053,84,1,0,1,0
1415,26,50,1006.068826,479,1,1,0,0
1416,21,52,992.3499549,418,1,0,1,1
1417,29,41,1007.461555,450,1,1,0,0
1418,24,51,1001.346123,112,1,1,0,1
1419,25,50,993.8143237,428,1,1,0,0
1420,28,49,1001.579447,127,1,1,0,0
1421,23,46,1008.490285,230,1,0,0,0
1422,26,54,1000.365506,280,1,1,0,1
1423,22,54,1009.785381,338,1,0,1,1
1424,20,49,995.603674,390,1,0,1,0
1425,28,45,990.8988702,45,0,1,0,0
1426,21,42,996.7294715,48,0,0,1,0
1427,26,43,995.4922226,127,1,1,0,0
1428,23,53,995.63396,12,0,0,0,1
1429,21,48,990.5473357,391,1,0,1,0
1430,24,36,1003.587264,161,1,1,0,1
1431,20,54,993.6802063,312,1,0,1,1
1432,27,46,1006.451798,36,0,1,0,0
1433,28,52,1006.693775,153,1,1,0,1
1434,21,40,1008.821997,149,1,0,1,0
1435,25,45,1006.664762,11,0,1,0,0
1436,25,50,1007.597366,399,1,1,0,0
1437,22,41,1009.244528,381,1,0,1,0
1438,29,41,1007.349228,50,1,1,0,0
1439,23,38,1005.614649,463,1,0,0,1
1440,27,54,1007.164601,473,1,1,0,1
1441,20,51,1001.100494,339,1,0,1,1
1442,29,47,994.3269412,7,0,1,0,0
1443,28,44,1004.769314,65,0,1,0,0
1444,20,45,1009.618585,281,1,0,1,0
1445,20,54,1002.368822,454,1,0,1,1
1446,29,43,995.6974906,100,1,1,0,0
1447,29,52,998.1083238,190,1,1,0,1
1448,25,35,1005.294804,99,0,1,0,1
1449,23,47,994.457854,403,1,0,0,0
1450,23,44,1007.227842,115,1,0,0,0
1451,22,50,990.3860781,84,0,0,1,0
1452,21,42,1009.011563,218,1,0,1,0
1453,29,35,995.6688259,181,1,1,0,1
1454,26,54,1002.281619,270,1,1,0,1
1455,26,45,1007.357283,44,0,1,0,0
1456,21,45,993.0837199,145,1,0,1,0
1457,20,36,990.4191724,9,0,0,1,1
1458,26,40,1003.442522,269,1,1,0,0
1459,28,46,1006.501803,497,1,1,0,0
1460,21,51,1005.425745,12,0,0,1,1
1461,28,49,1006.883627,144,1,1,0,0
1462,26,50,991.7085146,135,1,1,0,0
1463,21,41,1007.493377,35,0,0,1,0
1464,26,46,1003.46926,255,1,1,0,0
1465,21,46,993.711459,143,1,0,1,0
1466,20,51,1009.57857,50,0,0,1,1
1467,27,42,1001.777597,473,1,1,0,0
1468,29,46,1002.424613,283,1,1,0,0
1469,24,38,1000.714101,233,1,1,0,1
1470,24,47,991.5131742,107,1,1,0,0
1471,26,39,998.6794941,148,1,1,0,1
1472,29,41,1007.309225,307,1,1,0,0
1473,20,51,1001.659029,68,0,0,1,1
1474,26,39,990.6067321,113,1,1,0,1
1475,27,50,999.5584034,242,0,1,0,0
1476,28,38,1003.344816,185,1,1,0,1
1477,25,45,995.144791,234,1,1,0,0
1478,26,37,992.0439938,343,1,1,0,1
1479,25,46,1005.824641,349,1,1,0,0
1480,25,50,1002.367919,493,1,1,0,0
1481,21,38,995.1157857,245,1,0,1,1
1482,25,45,993.7580044,452,1,1,0,0
1483,28,47,991.7228968,29,0,1,0,0
1484,28,40,1005.750815,362,1,1,0,0
1485,28,36,991.1410178,70,0,1,0,1
1486,24,36,995.2849528,212,1,1,0,1
1487,24,39,1006.490215,211,1,1,0,1
1488,27,51,1007.229837,289,1,1,0,1
1489,29,43,1005.308476,273,1,1,0,0
1490,27,54,994.5530406,376,1,1,0,1
1491,26,49,1007.717168,289,1,1,0,0
1492,28,54,1000.761933,59,1,1,0,1
1493,27,53,1001.169879,54,1,1,0,1
1494,21,41,998.0689875,399,1,0,1,0
1495,22,51,1008.602745,228,1,0,1,1
1496,22,43,1007.609075,100,1,0,1,0
1497,24,37,1001.845058,13,1,1,0,1
1498,22,49,1004.531839,317,1,0,1,0
1499,28,49,990.0135822,347,1,1,0,0
1500,25,35,995.557284,115,1,1,0,1
1501,27,54,990.4273709,124,1,1,0,1
1502,23,49,991.2226587,486,1,0,0,0
1503,25,45,998.9136481,123,1,1,0,0
1504,21,52,993.007617,380,1,0,1,1
1505,24,46,990.4924515,397,1,1,0,0
1506,29,50,995.1480642,32,0,1,0,0
1507,22,47,1009.923423,166,1,0,1,0
1508,20,35,1005.383957,473,1,0,1,1
1509,20,46,1005.231697,325,1,0,1,0
1510,20,35,995.1033428,89,0,0,1,1
1511,21,38,996.8567476,195,1,0,1,1
1512,22,43,991.9225565,453,1,0,1,0
1513,24,40,1005.447579,266,1,1,0,0
1514,26,51,1006.591616,234,1,1,0,1
1515,29,52,1000.734616,29,0,1,0,1
1516,26,50,1000.202067,361,1,1,0,0
1517,26,48,1000.007208,357,1,1,0,0
1518,27,45,1009.560354,462,1,1,0,0
1519,20,36,998.6553245,150,1,0,1,1
1520,27,52,998.0864472,416,1,1,0,1
1521,21,43,1007.089519,138,1,0,1,0
1522,22,47,1006.346418,143,1,0,1,0
1523,22,47,999.3033235,47,0,0,1,0
1524,26,42,999.4600487,273,1,1,0,0
1525,27,42,995.0355401,115,1,1,0,0
1526,20,52,994.1349846,263,1,0,1,1
1527,21,53,997.200287,56,1,0,1,1
1528,23,35,1006.141419,392,1,0,0,1
1529,21,39,990.5183123,125,1,0,1,1
1530,28,38,1009.124664,306,1,1,0,1
1531,26,36,998.6500048,446,1,1,0,1
1532,27,52,1002.782506,173,1,1,0,1
1533,23,42,998.5924453,449,1,0,0,0
1534,23,41,1002.008651,409,1,0,0,0
1535,27,49,1007.851677,190,1,1,0,0
1536,26,50,1005.253875,333,1,1,0,0
1537,20,54,991.2691641,452,1,0,1,1
1538,29,53,999.74061,369,1,1,0,1
1539,23,37,1004.594801,170,1,0,0,1
1540,23,44,992.3699275,226,1,0,0,0
1541,22,54,994.0731862,119,1,0,1,1
1542,27,52,992.4301347,234,1,1,0,1
1543,20,40,1003.095617,490,1,0,1,0
1544,29,48,994.3642388,262,1,1,0,0
1545,24,46,992.3300372,207,1,1,0,0
1546,29,40,994.6409345,416,1,1,0,0
1547,21,44,999.842637,284,0,0,1,0
1548,27,39,1001.489469,438,1,1,0,1
1549,22,47,995.6956146,164,1,0,1,0
1550,21,54,1006.276899,283,1,0,1,1
1551,25,44,1006.228496,14,0,1,0,0
1552,27,37,999.4039865,256,1,1,0,1
1553,28,50,1009.651572,124,1,1,0,0
1554,26,49,1008.825448,118,1,1,0,0
1555,26,54,1005.284269,478,1,1,0,1
1556,21,37,992.2362819,475,1,0,1,1
1557,29,52,991.5717515,54,0,1,0,1
1558,23,35,1003.280265,230,1,0,0,1
1559,22,45,992.3677079,61,0,0,1,0
1560,20,47,1004.875702,148,1,0,1,0
1561,20,42,990.3289726,68,0,0,1,0
1562,27,40,994.1975628,158,1,1,0,0
1563,25,41,993.6764456,29,0,1,0,0
1564,23,53,1008.389376,351,1,0,0,1
1565,21,42,1002.902867,130,1,0,1,0
1566,21,54,1009.684869,124,1,0,1,1
1567,24,37,998.0474084,22,1,1,0,1
1568,27,50,1000.985389,227,1,1,0,0
1569,22,53,993.4309438,75,1,0,1,1
1570,20,38,1006.814898,287,1,0,1,1
1571,28,54,993.6723343,25,1,1,0,1
1572,23,49,1007.987029,444,1,0,0,0
1573,27,39,1002.493308,167,1,1,0,1
1574,27,40,1002.069213,406,1,1,0,0
1575,26,40,1008.334909,234,1,1,0,0
1576,26,52,994.5670083,83,0,1,0,1
1577,24,50,1006.103934,232,1,1,0,0
1578,27,41,1002.04958,15,0,1,0,0
1579,24,54,1008.021518,55,0,1,0,1
1580,26,46,993.9585762,1,1,1,0,0
1581,23,47,994.4797647,73,1,0,0,0
1582,27,51,1003.241196,268,1,1,0,1
1583,27,54,1004.039876,241,1,1,0,1
1584,26,54,1003.960046,397,1,1,0,1
1585,22,39,1001.416423,365,1,0,1,1
1586,27,42,990.314966,286,1,1,0,0
1587,25,40,993.920825,1,1,1,0,0
1588,27,50,999.5033091,180,0,1,0,0
1589,24,52,1005.365496,299,1,1,0,1
1590,26,49,992.4472852,459,1,1,0,0
1591,20,43,994.295158,209,1,0,1,0
1592,23,36,993.1954177,320,1,0,0,1
1593,25,41,992.0705771,197,1,1,0,0
1594,23,39,1009.283675,55,0,0,0,1
1595,27,52,1007.852734,380,1,1,0,1
1596,20,48,1003.499603,371,1,0,1,0
1597,27,54,1006.919613,115,1,1,0,1
1598,25,53,994.4945607,137,1,1,0,1
1599,23,41,1006.548914,269,1,0,0,0
1600,26,45,1004.352381,125,1,1,0,0
1601,21,41,1006.757558,360,1,0,1,0
1602,26,52,1004.832946,42,0,1,0,1
1603,24,36,998.6237198,187,1,1,0,1
1604,20,52,1007.434445,322,1,0,1,1
1605,22,35,1004.776534,155,1,0,1,1
1606,22,52,1000.610867,414,1,0,1,1
1607,24,41,1005.628122,379,1,1,0,0
1608,28,38,993.7169838,279,1,1,0,1
1609,20,51,1003.390865,279,1,0,1,1
1610,22,52,995.7665634,39,0,0,1,1
1611,21,51,994.8159477,350,1,0,1,1
1612,26,50,1004.647347,234,1,1,0,0
1613,22,38,997.9538785,195,1,0,1,1
1614,28,47,1003.30224,77,0,1,0,0
1615,20,48,1003.802321,133,1,0,1,0
1616,25,40,1001.903255,386,1,1,0,0
1617,22,50,1003.013174,69,0,0,1,0
1618,29,38,1003.453486,146,1,1,0,1
1619,21,53,997.8681549,307,1,0,1,1
1620,22,50,993.3122674,5,0,0,1,0
1621,22,38,996.3153465,45,0,0,1,1
1622,23,54,1004.863145,101,1,0,0,1
1623,25,53,999.8495969,293,1,1,0,1
1624,23,39,999.048643,488,1,0,0,1
1625,22,44,991.6089637,278,1,0,1,0
1626,20,45,1002.584382,117,1,0,1,0
1627,24,40,997.2740266,301,1,1,0,0
1628,23,49,1007.960388,457,1,0,0,0
1629,27,49,992.1188229,287,1,1,0,0
1630,28,37,1008.803027,342,1,1,0,1
1631,20,35,1007.113497,118,1,0,1,1
1632,23,37,999.2108821,332,1,0,0,1
1633,24,37,1008.681937,100,1,1,0,1
1634,22,49,991.4015273,493,1,0,1,0
1635,28,40,995.1338454,313,1,1,0,0
1636,21,42,992.9810535,423,1,0,1,0
1637,28,37,1001.295731,40,0,1,0,1
1638,25,54,992.5774423,139,1,1,0,1
1639,24,41,1002.811479,425,1,1,0,0
1640,20,40,992.7445078,19,0,0,1,0
1641,27,38,999.9135432,42,0,1,0,1
1642,29,37,995.5743804,458,1,1,0,1
1643,26,35,990.8694089,287,1,1,0,1
1644,29,48,1002.334401,277,1,1,0,0
1645,25,37,1003.763265,70,1,1,0,1
1646,20,53,1000.225659,212,1,0,1,1
1647,23,45,1006.930467,44,1,0,0,0
1648,25,37,1004.00256,455,1,1,0,1
1649,22,49,994.1856635,270,1,0,1,0
1650,27,42,998.5341226,164,1,1,0,0
1651,25,50,994.0019145,480,1,1,0,0
1652,22,35,1002.811165,74,0,0,1,1
1653,21,45,994.8315014,95,0,0,1,0
1654,26,35,1005.847999,71,0,1,0,1
1655,24,50,990.0344443,127,1,1,0,0
1656,29,51,1006.398296,16,1,1,0,1
1657,27,35,1004.816496,163,1,1,0,1
1658,20,45,995.6510261,376,1,0,1,0
1659,21,51,992.8895509,118,1,0,1,1
1660,21,49,1000.870307,443,1,0,1,0
1661,27,47,994.416671,384,1,1,0,0
1662,23,36,999.1829671,210,1,0,0,1
1663,27,45,995.9264204,41,0,1,0,0
1664,25,35,993.665237,494,1,1,0,1
1665,20,38,998.5211417,288,1,0,1,1
1666,21,53,994.4633351,492,1,0,1,1
1667,25,41,994.9018736,48,0,1,0,0
1668,26,37,1008.39757,89,0,1,0,1
1669,25,40,997.673445,16,0,1,0,0
1670,23,40,991.9083945,27,0,0,0,0
1671,20,45,1006.601362,447,1,0,1,0
1672,26,51,1002.857333,316,1,1,0,1
1673,20,39,1004.531443,198,1,0,1,1
1674,27,41,1001.119059,488,1,1,0,0
1675,24,40,995.6510352,324,1,1,0,0
1676,21,48,996.2494181,228,1,0,1,0
1677,22,50,995.8560524,255,1,0,1,0
1678,20,43,990.2434317,78,1,0,1,0
1679,26,40,1006.971726,182,1,1,0,0
1680,26,39,1007.886131,460,1,1,0,1
1681,20,35,1009.545022,322,1,0,1,1
1682,27,49,999.3445864,305,1,1,0,0
1683,25,41,996.1476411,187,1,1,0,0
1684,20,51,1001.071909,284,1,0,1,1
1685,24,54,999.8381995,482,1,1,0,1
1686,24,38,996.5684611,4,0,1,0,1
1687,22,44,1009.768641,153,1,0,1,0
1688,27,41,994.0257505,464,1,1,0,0
1689,25,54,1001.222302,355,1,1,0,1
1690,25,41,997.4637715,36,1,1,0,0
1691,29,35,996.4994959,50,0,1,0,1
1692,24,37,998.3333875,58,0,1,0,1
1693,23,47,1005.678849,145,1,0,0,0
1694,25,50,996.0042818,236,1,1,0,0
1695,24,44,991.6875939,212,1,1,0,0
1696,26,37,995.9721146,428,1,1,0,1
1697,27,36,992.2072621,451,1,1,0,1
1698,29,53,991.3111723,493,1,1,0,1
1699,25,46,1001.696361,211,1,1,0,0
1700,29,49,993.7367091,339,1,1,0,0
1701,23,46,1007.822768,187,1,0,0,0
1702,26,40,1001.410509,366,1,1,0,0
1703,25,50,992.5335076,404,1,1,0,0
1704,27,39,996.0151545,62,0,1,0,1
1705,20,52,997.0218697,492,1,0,1,1
1706,29,54,1003.155147,142,1,1,0,1
1707,29,38,1003.041882,219,1,1,0,1
1708,23,47,1003.955408,277,1,0,0,0
1709,22,39,994.6454346,344,1,0,1,1
1710,28,51,1006.29241,333,1,1,0,1
1711,26,38,990.3419121,483,1,1,0,1
1712,22,46,1004.513262,365,1,0,1,0
1713,20,47,1000.845392,254,1,0,1,0
1714,29,36,995.2517635,181,1,1,0,1
1715,22,42,1006.853745,335,1,0,1,0
1716,29,47,1008.086755,1,0,1,0,0
1717,26,50,1005.167378,319,1,1,0,0
1718,28,48,996.5388002,465,1,1,0,0
1719,21,45,996.2521665,148,1,0,1,0
1720,26,45,1004.262063,55,1,1,0,0
1721,22,48,1000.81925,145,1,0,1,0
1722,24,53,992.6011543,124,1,1,0,1
1723,28,48,1007.060303,217,1,1,0,0
1724,29,37,1001.391671,441,1,1,0,1
1725,24,48,1009.602257,183,1,1,0,0
1726,24,38,997.892223,210,1,1,0,1
1727,23,49,993.2173822,34,0,0,0,0
1728,20,41,1001.919799,371,1,0,1,0
1729,29,36,1004.731085,439,1,1,0,1
1730,21,37,1006.129917,436,1,0,1,1
1731,23,46,1005.449622,73,1,0,0,0
1732,23,48,1008.341201,492,1,0,0,0
1733,27,41,997.5769035,142,1,1,0,0
1734,28,53,996.6070418,150,1,1,0,1
1735,20,54,1008.851452,192,1,0,1,1
1736,27,40,990.4083603,58,0,1,0,0
1737,25,45,1003.570798,210,1,1,0,0
1738,27,38,995.8849873,239,1,1,0,1
1739,29,44,996.799866,20,1,1,0,0
1740,23,52,1000.377229,436,1,0,0,1
1741,27,39,1001.858103,300,1,1,0,1
1742,24,49,994.0809258,301,1,1,0,0
1743,27,54,1007.369411,374,1,1,0,1
1744,29,49,993.7854015,347,1,1,0,0
1745,23,53,996.0618795,443,1,0,0,1
1746,25,47,1004.625092,287,1,1,0,0
1747,24,39,997.6116146,321,1,1,0,1
1748,29,53,1009.754265,177,1,1,0,1
1749,22,49,991.6710945,85,0,0,1,0
1750,21,40,1002.49268,183,1,0,1,0
1751,26,47,1004.468447,277,1,1,0,0
1752,23,42,1002.990129,486,1,0,0,0
1753,21,51,1000.064527,78,1,0,1,1
1754,20,44,1002.968109,182,1,0,1,0
1755,29,54,1003.954294,280,1,1,0,1
1756,24,42,1007.080663,314,1,1,0,0
1757,24,41,999.5463092,175,0,1,0,0
1758,20,52,1004.196388,113,1,0,1,1
1759,21,47,990.8719183,262,1,0,1,0
1760,25,44,1006.405618,199,1,1,0,0
1761,21,35,1009.911521,153,1,0,1,1
1762,29,48,992.5150497,10,0,1,0,0
1763,28,38,1002.471247,331,1,1,0,1
1764,24,38,996.3555813,439,1,1,0,1
1765,20,40,1008.410455,37,1,0,1,0
1766,27,44,995.7001613,170,1,1,0,0
1767,21,42,1007.78348,112,1,0,1,0
1768,25,50,1003.27154,321,1,1,0,0
1769,21,45,1001.818189,65,0,0,1,0
1770,21,37,1003.119989,87,0,0,1,1
1771,24,45,996.243531,32,0,1,0,0
1772,24,38,992.0533333,50,0,1,0,1
1773,24,36,1008.471023,471,1,1,0,1
1774,26,52,1009.775732,410,1,1,0,1
1775,21,51,998.2215565,338,1,0,1,1
1776,21,50,991.81174,450,1,0,1,0
1777,29,52,1003.794112,431,1,1,0,1
1778,24,46,1001.056065,166,1,1,0,0
1779,27,54,994.6069053,112,1,1,0,1
1780,27,43,1006.794948,447,1,1,0,0
1781,25,50,1004.126671,430,1,1,0,0
1782,24,40,998.8749227,217,1,1,0,0
1783,23,47,994.5305779,468,1,0,0,0
1784,25,38,999.9559012,308,1,1,0,1
1785,20,40,1003.594891,159,1,0,1,0
1786,25,51,998.4903739,469,1,1,0,1
1787,25,36,1000.145277,296,1,1,0,1
1788,27,37,994.8687656,174,1,1,0,1
1789,27,39,1003.481783,195,1,1,0,1
1790,22,43,1008.047453,272,1,0,1,0
1791,25,36,993.7332743,213,1,1,0,1
1792,26,35,1007.511459,49,0,1,0,1
1793,20,44,1006.254326,220,1,0,1,0
1794,23,43,1000.693624,226,1,0,0,0
1795,23,52,993.1070777,322,1,0,0,1
1796,22,38,1004.075172,125,1,0,1,1
1797,26,44,1002.175162,383,1,1,0,0
1798,22,42,1008.93053,419,1,0,1,0
1799,29,47,992.8859358,320,1,1,0,0
1800,24,39,990.9742212,280,1,1,0,1
1801,29,46,995.1916053,325,1,1,0,0
1802,25,36,1002.987225,54,1,1,0,1
1803,26,43,1006.67328,165,1,1,0,0
1804,29,46,998.9446027,219,1,1,0,0
1805,27,42,991.1701611,440,1,1,0,0
1806,27,53,994.6830181,405,1,1,0,1
1807,21,46,1003.080058,116,1,0,1,0
1808,23,42,1001.476855,22,0,0,0,0
1809,29,44,1004.074424,304,1,1,0,0
1810,29,43,991.6209561,177,1,1,0,0
1811,23,54,996.9378957,103,1,0,0,1
1812,26,45,1000.215124,493,1,1,0,0
1813,28,39,1006.811926,465,1,1,0,1
1814,28,39,995.2692917,363,1,1,0,1
1815,27,45,1005.285935,152,1,1,0,0
1816,24,54,1007.652108,461,1,1,0,1
1817,26,44,990.2564007,232,1,1,0,0
1818,21,51,1002.3712,202,1,0,1,1
1819,24,52,1003.063477,311,1,1,0,1
1820,28,50,998.8428288,160,1,1,0,0
1821,20,50,998.8743219,41,0,0,1,0
1822,28,52,1000.060121,362,1,1,0,1
1823,24,47,990.4719606,421,1,1,0,0
1824,29,37,999.6141603,258,1,1,0,1
1825,29,52,991.3666812,151,1,1,0,1
1826,20,44,999.2537915,277,1,0,1,0
1827,29,45,994.4155073,184,1,1,0,0
1828,23,42,999.552589,82,0,0,0,0
1829,26,47,1001.40363,142,1,1,0,0
1830,20,38,1000.083535,213,1,0,1,1
1831,23,37,1008.904435,237,1,0,0,1
1832,29,54,1000.104778,320,1,1,0,1
1833,27,39,992.6639744,497,1,1,0,1
1834,27,36,1003.396279,307,1,1,0,1
1835,21,49,997.9098161,280,1,0,1,0
1836,26,37,1007.621939,54,0,1,0,1
1837,23,53,991.1785903,106,1,0,0,1
1838,25,40,990.0372059,342,1,1,0,0
1839,27,40,1003.749039,228,1,1,0,0
1840,27,35,995.4136865,346,1,1,0,1
1841,22,40,990.7317314,175,1,0,1,0
1842,28,41,993.1856827,70,0,1,0,0
1843,21,36,991.2568848,218,1,0,1,1
1844,20,48,1005.963677,437,1,0,1,0
1845,22,49,995.8605401,177,1,0,1,0
1846,22,37,1009.156329,49,0,0,1,1
1847,26,45,994.6384967,240,1,1,0,0
1848,21,44,995.5770708,344,1,0,1,0
1849,24,50,1009.258802,390,1,1,0,0
1850,22,50,1009.267917,42,1,0,1,0
1851,23,41,993.003348,453,1,0,0,0
1852,29,50,1005.30587,253,1,1,0,0
1853,23,37,998.8482037,97,0,0,0,1
1854,26,43,1004.145954,161,1,1,0,0
1855,26,46,991.062893,361,1,1,0,0
1856,29,45,997.6516372,187,1,1,0,0
1857,21,52,990.4522776,341,1,0,1,1
1858,26,43,992.4857402,71,0,1,0,0
1859,20,47,1009.877333,279,1,0,1,0
1860,20,46,990.778391,217,1,0,1,0
1861,22,38,1000.351825,6,0,0,1,1
1862,26,54,998.6779155,218,1,1,0,1
1863,27,39,990.1276886,132,1,1,0,1
1864,20,37,1005.967499,58,0,0,1,1
1865,29,39,998.4830101,224,1,1,0,1
1866,27,50,998.4880508,360,1,1,0,0
1867,25,42,998.2631022,383,1,1,0,0
1868,27,38,991.876637,38,0,1,0,1
1869,25,38,996.6806602,54,0,1,0,1
1870,26,49,1005.084222,158,1,1,0,0
1871,29,36,1000.573681,51,1,1,0,1
1872,21,40,1007.302004,348,1,0,1,0
1873,26,50,996.4651741,288,1,1,0,0
1874,25,45,996.2314605,269,1,1,0,0
1875,23,52,992.5475106,120,1,0,0,1
1876,23,35,996.6527235,432,1,0,0,1
1877,29,47,992.047603,375,1,1,0,0
1878,21,36,1009.253964,309,1,0,1,1
1879,22,44,997.2221335,237,1,0,1,0
1880,20,50,1007.798669,103,1,0,1,0
1881,29,51,1004.277697,89,0,1,0,1
1882,25,42,1004.04562,251,1,1,0,0
1883,29,50,1003.182591,325,1,1,0,0
1884,20,49,1005.331496,147,1,0,1,0
1885,24,35,1000.198376,323,1,1,0,1
1886,26,36,991.3252038,105,1,1,0,1
1887,24,42,998.5534412,26,0,1,0,0
1888,21,51,1007.845214,270,1,0,1,1
1889,24,53,1009.835626,422,1,1,0,1
1890,28,43,991.4467791,10,0,1,0,0
1891,21,39,992.4783547,405,1,0,1,1
1892,29,44,1006.651233,171,1,1,0,0
1893,23,51,1002.915247,441,1,0,0,1
1894,21,54,996.9324033,475,1,0,1,1
1895,20,48,994.7420442,395,1,0,1,0
1896,25,44,1006.448925,73,0,1,0,0
1897,23,52,1002.819012,107,1,0,0,1
1898,21,43,1004.432468,85,0,0,1,0
1899,26,46,1006.102318,241,1,1,0,0
1900,26,50,992.235577,20,0,1,0,0
1901,24,37,1000.316836,63,0,1,0,1
1902,21,54,1004.072936,117,1,0,1,1
1903,22,43,999.4953983,126,1,0,1,0
1904,24,35,993.3667052,233,1,1,0,1
1905,22,48,995.7061711,113,1,0,1,0
1906,23,53,1003.656675,61,0,0,0,1
1907,25,36,1003.832264,432,1,1,0,1
1908,25,48,997.1874394,424,1,1,0,0
1909,22,35,998.148517,213,1,0,1,1
1910,25,47,1001.252399,413,1,1,0,0
1911,24,38,1006.862054,320,1,1,0,1
1912,27,48,992.5743343,40,1,1,0,0
1913,21,52,1005.797789,357,1,0,1,1
1914,21,47,1003.46114,447,1,0,1,0
1915,25,42,991.7318712,403,1,1,0,0
1916,22,49,994.8377034,122,1,0,1,0
1917,26,37,993.3240687,376,1,1,0,1
1918,21,50,997.1668758,291,1,0,1,0
1919,27,54,997.8280844,224,1,1,0,1
1920,23,40,1004.245476,440,1,0,0,0
1921,24,51,991.7090316,20,0,1,0,1
1922,24,45,1008.766719,376,1,1,0,0
1923,26,42,1008.290703,81,0,1,0,0
1924,20,37,999.1765851,204,1,0,1,1
1925,22,42,994.2238718,246,1,0,1,0
1926,26,37,1000.316495,176,1,1,0,1
1927,26,50,998.4269548,327,1,1,0,0
1928,28,46,994.1035735,395,1,1,0,0
1929,23,36,1009.147111,351,1,0,0,1
1930,21,39,1003.755383,311,1,0,1,1
1931,26,53,997.4432796,206,1,1,0,1
1932,28,35,993.1813064,494,1,1,0,1
1933,21,41,1003.598109,380,1,0,1,0
1934,22,42,1003.068653,307,1,0,1,0
1935,28,36,993.0761966,125,1,1,0,1
1936,27,44,996.2361027,301,1,1,0,0
1937,21,42,997.1319667,307,1,0,1,0
1938,26,48,992.0827663,322,1,1,0,0
1939,22,45,997.3852906,440,1,0,1,0
1940,26,51,1004.107631,455,1,1,0,1
1941,28,38,998.8265029,234,1,1,0,1
1942,21,37,1001.217844,272,1,0,1,1
1943,26,45,994.5827894,383,1,1,0,0
1944,25,50,999.0202691,215,1,1,0,0
1945,27,44,1006.384136,169,1,1,0,0
1946,27,42,990.3840718,328,1,1,0,0
1947,24,41,997.1291964,32,1,1,0,0
1948,20,50,1004.654838,490,1,0,1,0
1949,20,35,997.6198274,213,1,0,1,1
1950,24,43,996.0381957,215,1,1,0,0
1951,26,35,996.4700912,412,1,1,0,1
1952,22,40,1005.698516,132,1,0,1,0
1953,22,53,997.2053185,177,1,0,1,1
1954,26,48,990.3533321,489,1,1,0,0
1955,27,52,1006.849915,335,1,1,0,1
1956,25,45,990.9782424,440,1,1,0,0
1957,26,36,1009.457693,331,1,1,0,1
1958,21,45,1001.613801,323,1,0,1,0
1959,26,49,994.6922415,196,1,1,0,0
1960,23,47,992.1259425,153,1,0,0,0
1961,23,37,1005.607821,125,1,0,0,1
1962,29,53,995.9384721,476,1,1,0,1
1963,29,50,997.4046119,61,1,1,0,0
1964,26,50,992.4592966,327,1,1,0,0
1965,22,50,1004.7927,64,0,0,1,0
1966,25,38,1000.076052,371,1,1,0,1
1967,23,42,1005.642702,443,1,0,0,0
1968,29,54,1007.315853,242,1,1,0,1
1969,25,39,1007.223047,219,1,1,0,1
1970,22,39,993.2631326,238,1,0,1,1
1971,21,46,1002.338648,389,1,0,1,0
1972,27,54,1002.568041,77,0,1,0,1
1973,28,48,998.115457,165,1,1,0,0
1974,28,49,990.6320229,394,1,1,0,0
1975,29,49,1002.401349,67,0,1,0,0
1976,23,38,996.6612096,347,1,0,0,1
1977,25,37,991.8701044,335,1,1,0,1
1978,22,35,1005.916566,343,1,0,1,1
1979,24,47,1001.393659,142,1,1,0,0
1980,21,37,1000.858524,439,1,0,1,1
1981,28,54,993.3595926,292,1,1,0,1
1982,20,54,1004.562204,186,1,0,1,1
1983,27,45,996.375862,52,0,1,0,0
1984,22,49,994.8568285,301,1,0,1,0
1985,25,36,1004.759541,94,0,1,0,1
1986,29,41,993.2475,340,1,1,0,0
1987,25,47,1002.026665,333,1,1,0,0
1988,28,49,990.0142161,33,0,1,0,0
1989,24,50,1005.362018,110,1,1,0,0
1990,28,50,990.3401526,65,0,1,0,0
1991,24,41,992.056289,411,1,1,0,0
1992,21,35,1000.058057,141,1,0,1,1
1993,23,37,994.2422793,158,1,0,0,1
1994,28,45,998.0802503,175,1,1,0,0
1995,23,38,999.8115533,261,1,0,0,1
1996,22,43,1009.087004,498,1,0,1,0
1997,23,39,991.1782978,221,1,0,0,1
1998,22,39,997.8726542,73,0,0,1,1
1999,24,43,1001.094942,278,1,1,0,0
2000,21,40,1000.043611,12,0,0,1,1
2001,27,45,1000.173668,15,0,1,0,0
2002,25,48,1000.097751,25,0,1,0,1
2003,25,47,1000.377594,26,0,1,0,0
2004,24,41,1000.38173,32,0,1,0,1
2005,21,49,999.7207497,15,0,0,1,1
2006,28,46,1000.192987,45,0,1,0,0
2007,26,45,999.6257601,42,0,1,0,0
2008,24,49,1000.018907,62,0,1,0,1
2009,22,46,999.7031219,52,0,0,1,0
2010,26,47,1000.240234,16,0,1,0,0
2011,24,43,999.613859,83,0,1,0,0
2012,24,40,999.9006744,62,0,1,0,1
2013,27,50,999.7516116,41,0,1,0,1
2014,27,45,999.9296152,64,0,1,0,0
2015,22,49,1000.019614,34,0,0,1,1
2016,25,43,1000.148789,23,0,1,0,0
2017,26,41,999.9880212,15,0,1,0,1
2018,20,43,999.7611084,62,0,0,1,0
2019,21,47,999.909944,53,0,0,1,0
2020,22,46,999.5981049,64,0,0,1,0
2021,27,46,999.9221037,24,0,1,0,0
2022,28,47,999.5036985,15,0,1,0,0
2023,25,47,999.5988096,17,0,1,0,0
2024,22,42,999.9647549,84,0,0,1,1
2025,27,40,999.5324577,73,0,1,0,1
2026,20,45,1000.343809,52,0,0,1,0
2027,27,41,1000.162221,41,0,1,0,1
2028,20,43,1000.426323,32,0,0,1,0
2029,26,44,999.5549464,13,0,1,0,0
2030,27,47,1000.455637,14,0,1,0,0
2031,24,44,999.9145198,52,0,1,0,0
2032,23,45,999.5067172,43,0,0,0,0
2033,27,41,1000.138413,12,0,1,0,1
2034,21,48,1000.320288,51,0,0,1,1
2035,21,40,1000.278578,42,0,0,1,1
2036,23,49,999.9847955,41,0,0,0,1
2037,28,45,1000.381479,14,0,1,0,0
2038,21,41,999.9084962,24,0,0,1,1
2039,28,43,1000.300809,14,0,1,0,0
2040,23,42,1000.42467,42,0,0,0,1
2041,25,40,999.5211403,23,0,1,0,1
2042,21,49,1000.345712,220,0,0,1,1
2043,23,43,999.606682,53,0,0,0,0
2044,26,48,1000.03642,64,0,1,0,1
2045,22,41,999.9992042,75,0,0,1,1
2046,27,43,1000.28588,67,0,1,0,0
2047,25,49,999.6171776,64,0,1,0,1
2048,27,45,999.6582488,64,0,1,0,0
2049,20,42,999.950823,47,0,0,1,1
2050,28,43,999.5919328,36,0,1,0,0
2051,28,43,1000.037984,46,0,1,0,0
2052,26,41,999.7159607,36,0,1,0,1
2053,27,42,1000.079939,45,0,1,0,1
2054,23,46,999.7800757,54,0,0,0,0
2055,26,44,1000.214553,74,0,1,0,0
2056,25,44,1000.352412,13,0,1,0,0
2057,23,40,999.8164807,14,0,0,0,1
2058,24,45,999.8277881,52,0,1,0,0
2059,23,43,999.8748309,36,0,0,0,0
2060,21,44,999.7484188,42,0,0,1,0
2061,22,43,1000.454545,32,0,0,1,0